date,oil,gold,silver
2017-01-03,52.33000183105469,1160.4000244140625,16.356000900268555
2017-01-04,53.2599983215332,1163.800048828125,16.499000549316406
2017-01-05,53.7599983215332,1179.699951171875,16.583999633789062
2017-01-06,53.9900016784668,1171.9000244140625,16.465999603271484
2017-01-09,51.959999084472656,1183.5,16.6299991607666
2017-01-10,50.81999969482422,1184.199951171875,16.80299949645996
2017-01-11,52.25,1195.5999755859375,16.783000946044922
2017-01-12,53.0099983215332,1198.9000244140625,16.780000686645508
2017-01-13,52.369998931884766,1195.300048828125,16.719999313354492
2017-01-17,52.47999954223633,1212.0,17.101999282836914
2017-01-18,51.08000183105469,1211.300048828125,17.235000610351562
2017-01-19,51.369998931884766,1200.9000244140625,16.966999053955078
2017-01-20,52.41999816894531,1204.300048828125,16.996999740600586
2017-01-23,52.75,1215.0,17.149999618530273
2017-01-24,53.18000030517578,1210.300048828125,17.14900016784668
2017-01-25,52.75,1197.300048828125,16.944000244140625
2017-01-26,53.779998779296875,1189.5,16.81399917602539
2017-01-27,53.16999816894531,1188.0999755859375,17.100000381469727
2017-01-30,52.630001068115234,1193.199951171875,17.121999740600586
2017-01-31,52.810001373291016,1208.5999755859375,17.511999130249023
2017-02-01,53.880001068115234,1205.5999755859375,17.420000076293945
2017-02-02,53.540000915527344,1216.699951171875,17.402000427246094
2017-02-03,53.83000183105469,1218.5,17.452999114990234
2017-02-06,53.0099983215332,1230.0,17.66699981689453
2017-02-07,52.16999816894531,1234.199951171875,17.732999801635742
2017-02-08,52.34000015258789,1237.5999755859375,17.683000564575195
2017-02-09,53.0,1235.0999755859375,17.719999313354492
2017-02-10,53.86000061035156,1234.4000244140625,17.91200065612793
2017-02-13,52.93000030517578,1224.4000244140625,17.804000854492188
2017-02-14,53.20000076293945,1223.9000244140625,17.871999740600586
2017-02-15,53.11000061035156,1231.699951171875,17.94700050354004
2017-02-16,53.36000061035156,1240.0,18.062999725341797
2017-02-17,53.400001525878906,1237.5999755859375,18.018999099731445
2017-02-21,54.060001373291016,1237.5,17.989999771118164
2017-02-22,53.59000015258789,1232.0,17.941999435424805
2017-02-23,54.45000076293945,1250.199951171875,18.113000869750977
2017-02-24,53.9900016784668,1256.9000244140625,18.334999084472656
2017-02-27,54.04999923706055,1257.4000244140625,18.354000091552734
2017-02-28,54.0099983215332,1252.5999755859375,18.420000076293945
2017-03-01,53.83000183105469,1248.9000244140625,18.44300079345703
2017-03-02,52.61000061035156,1231.9000244140625,17.704999923706055
2017-03-03,53.33000183105469,1225.5,17.69700050354004
2017-03-06,53.20000076293945,1224.5,17.725000381469727
2017-03-07,53.13999938964844,1215.0999755859375,17.492000579833984
2017-03-08,50.279998779296875,1208.5,17.256999969482422
2017-03-09,49.279998779296875,1202.4000244140625,16.993000030517578
2017-03-10,48.4900016784668,1200.699951171875,16.882999420166016
2017-03-13,48.400001525878906,1202.4000244140625,16.934999465942383
2017-03-14,47.720001220703125,1201.9000244140625,16.88800048828125
2017-03-15,48.86000061035156,1200.0999755859375,16.88800048828125
2017-03-16,48.75,1226.5,17.29599952697754
2017-03-17,48.779998779296875,1229.800048828125,17.378999710083008
2017-03-20,48.220001220703125,1233.5999755859375,17.402999877929688
2017-03-21,47.34000015258789,1246.0999755859375,17.549999237060547
2017-03-22,48.040000915527344,1249.300048828125,17.545000076293945
2017-03-23,47.70000076293945,1246.9000244140625,17.562999725341797
2017-03-24,47.970001220703125,1248.199951171875,17.719999313354492
2017-03-27,47.72999954223633,1255.4000244140625,18.079999923706055
2017-03-28,48.369998931884766,1255.300048828125,18.225000381469727
2017-03-29,49.5099983215332,1253.4000244140625,18.22800064086914
2017-03-30,50.349998474121094,1245.0,18.184999465942383
2017-03-31,50.599998474121094,1247.300048828125,18.235000610351562
2017-04-03,50.2400016784668,1250.800048828125,18.19099998474121
2017-04-04,51.029998779296875,1255.0,18.302000045776367
2017-04-05,51.150001525878906,1245.4000244140625,18.166000366210938
2017-04-06,51.70000076293945,1250.300048828125,18.225000381469727
2017-04-07,52.2400016784668,1254.300048828125,18.1299991607666
2017-04-10,53.08000183105469,1251.0999755859375,17.893999099731445
2017-04-11,53.400001525878906,1271.199951171875,18.232999801635742
2017-04-12,53.11000061035156,1275.300048828125,18.27899932861328
2017-04-13,53.18000030517578,1285.9000244140625,18.48900032043457
2017-04-17,52.650001525878906,1289.4000244140625,18.493000030517578
2017-04-18,52.40999984741211,1291.699951171875,18.250999450683594
2017-04-19,50.439998626708984,1281.4000244140625,18.13599967956543
2017-04-20,50.27000045776367,1281.9000244140625,17.992000579833984
2017-04-21,49.619998931884766,1287.4000244140625,17.829999923706055
2017-04-24,49.22999954223633,1275.800048828125,17.847999572753906
2017-04-25,49.560001373291016,1265.5999755859375,17.58099937438965
2017-04-26,49.619998931884766,1262.0999755859375,17.35300064086914
2017-04-27,48.970001220703125,1263.699951171875,17.264999389648438
2017-04-28,49.33000183105469,1266.0999755859375,17.19099998474121
2017-05-01,48.84000015258789,1253.300048828125,16.780000686645508
2017-05-02,47.65999984741211,1255.0999755859375,16.768999099731445
2017-05-03,47.81999969482422,1246.4000244140625,16.48699951171875
2017-05-04,45.52000045776367,1226.5,16.243999481201172
2017-05-05,46.220001220703125,1224.800048828125,16.21500015258789
2017-05-08,46.43000030517578,1225.300048828125,16.198999404907227
2017-05-09,45.880001068115234,1214.300048828125,16.007999420166016
2017-05-10,47.33000183105469,1217.300048828125,16.150999069213867
2017-05-11,47.83000183105469,1222.699951171875,16.208999633789062
2017-05-12,47.84000015258789,1226.199951171875,16.34600067138672
2017-05-15,48.849998474121094,1228.5999755859375,16.56100082397461
2017-05-16,48.65999984741211,1235.0,16.69300079345703
2017-05-17,49.06999969482422,1257.5,16.851999282836914
2017-05-18,49.349998474121094,1251.699951171875,16.621000289916992
2017-05-19,50.33000183105469,1252.699951171875,16.75
2017-05-22,50.72999954223633,1260.699951171875,17.14299964904785
2017-05-23,51.470001220703125,1254.800048828125,17.090999603271484
2017-05-24,51.36000061035156,1252.4000244140625,17.07699966430664
2017-05-25,48.900001525878906,1255.800048828125,17.152000427246094
2017-05-26,49.79999923706055,1267.5999755859375,17.283000946044922
2017-05-30,49.65999984741211,1262.0999755859375,17.38800048828125
2017-05-31,48.31999969482422,1272.0,17.368000030517578
2017-06-01,48.36000061035156,1267.0,17.243000030517578
2017-06-02,47.65999984741211,1276.800048828125,17.48699951171875
2017-06-05,47.400001525878906,1279.300048828125,17.547000885009766
2017-06-06,48.189998626708984,1294.4000244140625,17.677000045776367
2017-06-07,45.720001220703125,1290.0999755859375,17.586999893188477
2017-06-08,45.63999938964844,1276.300048828125,17.384000778198242
2017-06-09,45.83000183105469,1268.5,17.19300079345703
2017-06-12,46.08000183105469,1266.0999755859375,16.913999557495117
2017-06-13,46.459999084472656,1265.800048828125,16.738000869750977
2017-06-14,44.72999954223633,1272.800048828125,17.10700035095215
2017-06-15,44.459999084472656,1252.199951171875,16.69099998474121
2017-06-16,44.7400016784668,1254.0,16.63599967956543
2017-06-19,44.20000076293945,1244.199951171875,16.482999801635742
2017-06-20,43.22999954223633,1241.0,16.398000717163086
2017-06-21,42.529998779296875,1243.4000244140625,16.354999542236328
2017-06-22,42.7400016784668,1247.5999755859375,16.489999771118164
2017-06-23,43.0099983215332,1256.199951171875,16.628000259399414
2017-06-26,43.380001068115234,1246.300048828125,16.559999465942383
2017-06-27,44.2400016784668,1246.4000244140625,16.576000213623047
2017-06-28,44.7400016784668,1248.0,16.71500015258789
2017-06-29,44.93000030517578,1244.199951171875,16.586000442504883
2017-06-30,46.040000915527344,1240.699951171875,16.56800079345703
2017-07-03,47.06999969482422,1217.9000244140625,16.03700065612793
2017-07-05,45.130001068115234,1220.4000244140625,15.842000007629395
2017-07-06,45.52000045776367,1222.199951171875,15.927000045776367
2017-07-07,44.22999954223633,1208.5999755859375,15.371000289916992
2017-07-10,44.400001525878906,1212.0999755859375,15.57699966430664
2017-07-11,45.040000915527344,1213.5999755859375,15.696999549865723
2017-07-12,45.4900016784668,1218.0999755859375,15.83899974822998
2017-07-13,46.08000183105469,1216.300048828125,15.642000198364258
2017-07-14,46.540000915527344,1226.5999755859375,15.883999824523926
2017-07-17,46.02000045776367,1232.800048828125,16.049999237060547
2017-07-18,46.400001525878906,1241.0999755859375,16.222000122070312
2017-07-19,47.119998931884766,1241.199951171875,16.250999450683594
2017-07-20,46.790000915527344,1244.800048828125,16.298999786376953
2017-07-21,45.77000045776367,1254.300048828125,16.40999984741211
2017-07-24,46.34000015258789,1253.9000244140625,16.398000717163086
2017-07-25,47.88999938964844,1251.699951171875,16.496999740600586
2017-07-26,48.75,1249.0,16.415000915527344
2017-07-27,49.040000915527344,1259.5999755859375,16.52899932861328
2017-07-28,49.709999084472656,1268.4000244140625,16.663999557495117
2017-07-31,50.16999816894531,1266.5999755859375,16.75
2017-08-01,49.15999984741211,1272.5999755859375,16.72800064086914
2017-08-02,49.59000015258789,1271.800048828125,16.69700050354004
2017-08-03,49.029998779296875,1267.800048828125,16.5939998626709
2017-08-04,49.58000183105469,1258.300048828125,16.222000122070312
2017-08-07,49.38999938964844,1258.199951171875,16.22100067138672
2017-08-08,49.16999816894531,1256.4000244140625,16.360000610351562
2017-08-09,49.560001373291016,1273.0,16.833999633789062
2017-08-10,48.59000015258789,1283.699951171875,17.035999298095703
2017-08-11,48.81999969482422,1287.699951171875,17.041000366210938
2017-08-14,47.59000015258789,1284.199951171875,17.093000411987305
2017-08-15,47.54999923706055,1273.699951171875,16.690000534057617
2017-08-16,46.779998779296875,1276.9000244140625,16.91699981689453
2017-08-17,47.09000015258789,1286.4000244140625,17.030000686645508
2017-08-18,48.5099983215332,1285.699951171875,16.979999542236328
2017-08-21,47.369998931884766,1290.800048828125,16.9950008392334
2017-08-22,47.63999938964844,1285.0999755859375,16.961999893188477
2017-08-23,48.40999984741211,1288.9000244140625,17.031999588012695
2017-08-24,47.43000030517578,1286.5,16.95199966430664
2017-08-25,47.869998931884766,1292.5,17.038000106811523
2017-08-28,46.56999969482422,1309.699951171875,17.430999755859375
2017-08-29,46.439998626708984,1313.0999755859375,17.422000885009766
2017-08-30,45.959999084472656,1308.0999755859375,17.40399932861328
2017-08-31,47.22999954223633,1316.199951171875,17.479999542236328
2017-09-01,47.290000915527344,1324.5,17.7189998626709
2017-09-05,48.65999984741211,1339.199951171875,17.844999313354492
2017-09-06,49.15999984741211,1333.9000244140625,17.81599998474121
2017-09-07,49.09000015258789,1345.0999755859375,18.016000747680664
2017-09-08,47.47999954223633,1346.0,18.027000427246094
2017-09-11,48.06999969482422,1331.0,17.80699920654297
2017-09-12,48.22999954223633,1328.0,17.795000076293945
2017-09-13,49.29999923706055,1323.4000244140625,17.77199935913086
2017-09-14,49.88999938964844,1324.699951171875,17.697999954223633
2017-09-15,49.88999938964844,1320.4000244140625,17.611000061035156
2017-09-18,49.90999984741211,1306.300048828125,17.070999145507812
2017-09-19,49.47999954223633,1306.199951171875,17.19499969482422
2017-09-20,50.40999984741211,1312.0,17.250999450683594
2017-09-21,50.54999923706055,1290.5999755859375,16.937000274658203
2017-09-22,50.65999984741211,1293.300048828125,16.902999877929688
2017-09-25,52.220001220703125,1306.800048828125,17.05900001525879
2017-09-26,51.880001068115234,1297.0,16.804000854492188
2017-09-27,52.13999938964844,1283.4000244140625,16.74799919128418
2017-09-28,51.560001373291016,1285.5,16.773000717163086
2017-09-29,51.66999816894531,1281.5,16.60700035095215
2017-10-02,50.58000183105469,1272.699951171875,16.584999084472656
2017-10-03,50.41999816894531,1271.5,16.58099937438965
2017-10-04,49.97999954223633,1273.699951171875,16.562999725341797
2017-10-05,50.790000915527344,1269.9000244140625,16.582000732421875
2017-10-06,49.290000915527344,1271.5999755859375,16.733999252319336
2017-10-09,49.58000183105469,1281.800048828125,16.916000366210938
2017-10-10,50.91999816894531,1290.5999755859375,17.155000686645508
2017-10-11,51.29999923706055,1285.800048828125,17.08099937438965
2017-10-12,50.599998474121094,1293.300048828125,17.211000442504883
2017-10-13,51.45000076293945,1301.5,17.354999542236328
2017-10-16,51.869998931884766,1299.9000244140625,17.315000534057617
2017-10-17,51.880001068115234,1283.0,16.98699951171875
2017-10-18,52.040000915527344,1279.9000244140625,16.94300079345703
2017-10-19,51.290000915527344,1286.9000244140625,17.201000213623047
2017-10-20,51.470001220703125,1277.4000244140625,17.02199935913086
2017-10-23,51.900001525878906,1277.699951171875,17.02400016784668
2017-10-24,52.470001220703125,1275.0,16.906999588012695
2017-10-25,52.18000030517578,1275.4000244140625,16.868000030517578
2017-10-26,52.63999938964844,1266.300048828125,16.763999938964844
2017-10-27,53.900001525878906,1268.5,16.70199966430664
2017-10-30,54.150001525878906,1274.0999755859375,16.802000045776367
2017-10-31,54.380001068115234,1267.0,16.645000457763672
2017-11-01,54.29999923706055,1274.0999755859375,17.131999969482422
2017-11-02,54.540000915527344,1274.9000244140625,17.0939998626709
2017-11-03,55.63999938964844,1266.5,16.79400062561035
2017-11-06,57.349998474121094,1279.4000244140625,17.19499969482422
2017-11-07,57.20000076293945,1273.699951171875,16.905000686645508
2017-11-08,56.810001373291016,1281.5999755859375,17.106000900268555
2017-11-09,57.16999816894531,1285.5999755859375,16.94300079345703
2017-11-10,56.7400016784668,1272.4000244140625,16.8439998626709
2017-11-13,56.7599983215332,1277.300048828125,17.023000717163086
2017-11-14,55.70000076293945,1281.5,17.052000045776367
2017-11-15,55.33000183105469,1276.5,16.950000762939453
2017-11-16,55.13999938964844,1277.4000244140625,17.055999755859375
2017-11-17,56.54999923706055,1295.800048828125,17.357999801635742
2017-11-20,56.09000015258789,1274.5999755859375,16.82699966430664
2017-11-21,56.83000183105469,1281.0999755859375,16.948999404907227
2017-11-22,58.02000045776367,1291.5999755859375,17.10099983215332
2017-11-24,58.95000076293945,1286.699951171875,16.981000900268555
2017-11-27,58.11000061035156,1293.800048828125,17.009000778198242
2017-11-28,57.9900016784668,1294.699951171875,16.81100082397461
2017-11-29,57.29999923706055,1282.0999755859375,16.457000732421875
2017-11-30,57.400001525878906,1273.199951171875,16.381999969482422
2017-12-01,58.36000061035156,1278.800048828125,16.297000885009766
2017-12-04,57.470001220703125,1274.300048828125,16.284000396728516
2017-12-05,57.619998931884766,1261.5999755859375,15.972999572753906
2017-12-06,55.959999084472656,1262.800048828125,15.868000030517578
2017-12-07,56.689998626708984,1249.800048828125,15.71500015258789
2017-12-08,57.36000061035156,1245.199951171875,15.736000061035156
2017-12-11,57.9900016784668,1243.699951171875,15.696999549865723
2017-12-12,57.13999938964844,1238.5,15.581999778747559
2017-12-13,56.599998474121094,1245.4000244140625,15.784000396728516
2017-12-14,57.040000915527344,1253.800048828125,15.850000381469727
2017-12-15,57.29999923706055,1254.300048828125,15.977999687194824
2017-12-18,57.15999984741211,1262.199951171875,16.1200008392334
2017-12-19,57.459999084472656,1260.699951171875,16.06599998474121
2017-12-20,58.09000015258789,1266.0999755859375,16.187999725341797
2017-12-21,58.36000061035156,1267.300048828125,16.152000427246094
2017-12-22,58.470001220703125,1275.4000244140625,16.35700035095215
2017-12-26,59.970001220703125,1284.0999755859375,16.520000457763672
2017-12-27,59.63999938964844,1287.0,16.618999481201172
2017-12-28,59.84000015258789,1294.0999755859375,16.832000732421875
2017-12-29,60.41999816894531,1306.300048828125,17.059999465942383
2018-01-02,60.369998931884766,1313.699951171875,17.121000289916992
2018-01-03,61.630001068115234,1316.199951171875,17.184999465942383
2018-01-04,62.0099983215332,1319.4000244140625,17.18899917602539
2018-01-05,61.439998626708984,1320.300048828125,17.204999923706055
2018-01-08,61.72999954223633,1318.5999755859375,17.06399917602539
2018-01-09,62.959999084472656,1311.699951171875,16.93600082397461
2018-01-10,63.56999969482422,1317.4000244140625,16.96299934387207
2018-01-11,63.79999923706055,1320.5999755859375,16.893999099731445
2018-01-12,64.30000305175781,1333.4000244140625,17.069000244140625
2018-01-16,63.72999954223633,1335.4000244140625,17.121999740600586
2018-01-17,63.970001220703125,1338.0,17.104999542236328
2018-01-18,63.95000076293945,1326.0,16.89299964904785
2018-01-19,63.369998931884766,1331.9000244140625,16.975000381469727
2018-01-22,63.4900016784668,1330.9000244140625,16.930999755859375
2018-01-23,64.47000122070312,1335.699951171875,16.854999542236328
2018-01-24,65.61000061035156,1355.9000244140625,17.424999237060547
2018-01-25,65.51000213623047,1362.4000244140625,17.551000595092773
2018-01-26,66.13999938964844,1351.5999755859375,17.381999969482422
2018-01-29,65.55999755859375,,
2018-01-30,64.5,1335.4000244140625,17.01300048828125
2018-01-31,64.7300033569336,1339.0,17.20400047302246
2018-02-01,65.80000305175781,1344.300048828125,17.118000030517578
2018-02-02,65.44999694824219,1333.699951171875,16.676000595092773
2018-02-05,64.1500015258789,1333.0,16.638999938964844
2018-02-06,63.38999938964844,1326.0999755859375,16.54800033569336
2018-02-07,61.790000915527344,1311.5999755859375,16.20599937438965
2018-02-08,61.150001525878906,1316.9000244140625,16.31399917602539
2018-02-09,59.20000076293945,1313.0999755859375,16.115999221801758
2018-02-12,59.290000915527344,1324.199951171875,16.54800033569336
2018-02-13,59.189998626708984,1328.0999755859375,16.506999969482422
2018-02-14,60.599998474121094,1355.5,16.857999801635742
2018-02-15,61.34000015258789,1352.0999755859375,16.777000427246094
2018-02-16,61.68000030517578,1353.199951171875,16.69499969482422
2018-02-20,61.900001525878906,1328.800048828125,16.424999237060547
2018-02-21,61.68000030517578,1330.0,16.604000091552734
2018-02-22,62.77000045776367,1330.5999755859375,16.57900047302246
2018-02-23,63.54999923706055,1328.199951171875,16.47599983215332
2018-02-26,63.90999984741211,1330.699951171875,16.54199981689453
2018-02-27,63.0099983215332,1315.5,16.34600067138672
2018-02-28,61.63999938964844,1315.5,16.323999404907227
2018-03-01,60.9900016784668,1302.9000244140625,16.200000762939453
2018-03-02,61.25,1321.0999755859375,16.392000198364258
2018-03-05,62.56999969482422,1318.0999755859375,16.33799934387207
2018-03-06,62.599998474121094,1333.5999755859375,16.71500015258789
2018-03-07,61.150001525878906,1326.0,16.42799949645996
2018-03-08,60.119998931884766,1319.9000244140625,16.43600082397461
2018-03-09,62.040000915527344,1322.4000244140625,16.54599952697754
2018-03-12,61.36000061035156,1319.4000244140625,16.47100067138672
2018-03-13,60.709999084472656,1325.9000244140625,16.55900001525879
2018-03-14,60.959999084472656,1324.4000244140625,16.466999053955078
2018-03-15,61.189998626708984,1316.800048828125,16.35300064086914
2018-03-16,62.34000015258789,1311.300048828125,16.20199966430664
2018-03-19,62.060001373291016,1316.800048828125,16.2549991607666
2018-03-20,63.400001525878906,1311.0999755859375,16.125
2018-03-21,65.16999816894531,1320.699951171875,16.35700035095215
2018-03-22,64.30000305175781,1326.5999755859375,16.327999114990234
2018-03-23,65.87999725341797,1349.300048828125,16.530000686645508
2018-03-26,65.55000305175781,1354.4000244140625,16.631999969482422
2018-03-27,65.25,1341.300048828125,16.48900032043457
2018-03-28,64.37999725341797,1324.199951171875,16.204999923706055
2018-03-29,64.94000244140625,1322.800048828125,16.222999572753906
2018-04-02,63.0099983215332,1342.0999755859375,16.62700080871582
2018-04-03,63.5099983215332,1332.800048828125,16.347000122070312
2018-04-04,63.369998931884766,1335.800048828125,16.208999633789062
2018-04-05,63.540000915527344,1324.300048828125,16.31999969482422
2018-04-06,62.060001373291016,1331.9000244140625,16.332000732421875
2018-04-09,63.41999816894531,1336.300048828125,16.499000549316406
2018-04-10,65.51000213623047,1342.0,16.56599998474121
2018-04-11,66.81999969482422,1356.5,16.738000869750977
2018-04-12,67.06999969482422,1338.4000244140625,16.44300079345703
2018-04-13,67.38999938964844,1344.800048828125,16.628000259399414
2018-04-16,66.22000122070312,1347.5,16.66200065612793
2018-04-17,66.5199966430664,1347.199951171875,16.77199935913086
2018-04-18,68.47000122070312,1351.199951171875,17.231000900268555
2018-04-19,68.29000091552734,1346.800048828125,17.222000122070312
2018-04-20,68.37999725341797,1336.699951171875,17.14699935913086
2018-04-23,68.63999938964844,1322.5,16.570999145507812
2018-04-24,67.69999694824219,1331.4000244140625,16.687000274658203
2018-04-25,68.05000305175781,1321.199951171875,16.486000061035156
2018-04-26,68.19000244140625,1316.300048828125,16.488000869750977
2018-04-27,68.0999984741211,1320.300048828125,16.4060001373291
2018-04-30,68.56999969482422,1316.199951171875,16.312000274658203
2018-05-01,67.25,1303.800048828125,16.038999557495117
2018-05-02,67.93000030517578,1302.5999755859375,16.291000366210938
2018-05-03,68.43000030517578,1310.699951171875,16.36199951171875
2018-05-04,69.72000122070312,1312.699951171875,16.43400001525879
2018-05-07,70.7300033569336,1312.199951171875,16.413000106811523
2018-05-08,69.05999755859375,1312.0,16.38800048828125
2018-05-09,71.13999938964844,1311.300048828125,16.45800018310547
2018-05-10,71.36000061035156,1320.800048828125,16.68000030517578
2018-05-11,70.69999694824219,1319.0,16.676000595092773
2018-05-14,70.95999908447266,1316.5,16.56999969482422
2018-05-15,71.30999755859375,1288.9000244140625,16.194000244140625
2018-05-16,71.48999786376953,1290.199951171875,16.297000885009766
2018-05-17,71.48999786376953,1288.199951171875,16.413000106811523
2018-05-18,71.27999877929688,1290.199951171875,16.386999130249023
2018-05-21,72.23999786376953,1290.199951171875,16.45199966430664
2018-05-22,72.12999725341797,1291.699951171875,16.507999420166016
2018-05-23,71.83999633789062,1289.300048828125,16.33799934387207
2018-05-24,70.70999908447266,1303.699951171875,16.621000289916992
2018-05-25,67.87999725341797,1303.300048828125,16.481000900268555
2018-05-29,66.7300033569336,1298.699951171875,16.30500030517578
2018-05-30,68.20999908447266,1301.5,16.479000091552734
2018-05-31,67.04000091552734,1300.0999755859375,16.402000427246094
2018-06-01,65.80999755859375,1294.800048828125,16.38800048828125
2018-06-04,64.75,1293.0999755859375,16.378999710083008
2018-06-05,65.5199966430664,1297.5,16.490999221801758
2018-06-06,64.7300033569336,1297.0999755859375,16.642000198364258
2018-06-07,65.94999694824219,1298.699951171875,16.766000747680664
2018-06-08,65.73999786376953,1298.0999755859375,16.694000244140625
2018-06-11,66.0999984741211,1298.9000244140625,16.905000686645508
2018-06-12,66.36000061035156,1295.0999755859375,16.849000930786133
2018-06-13,66.63999938964844,1296.9000244140625,16.952999114990234
2018-06-14,66.88999938964844,1304.0,17.22599983215332
2018-06-15,65.05999755859375,1274.5999755859375,16.45199966430664
2018-06-18,65.8499984741211,1276.199951171875,16.41200065612793
2018-06-19,65.06999969482422,1275.5999755859375,16.30299949645996
2018-06-20,66.22000122070312,1271.199951171875,16.288999557495117
2018-06-21,65.54000091552734,1267.199951171875,16.305999755859375
2018-06-22,68.58000183105469,1267.4000244140625,16.43899917602539
2018-06-25,68.08000183105469,1265.5999755859375,16.308000564575195
2018-06-26,70.52999877929688,1256.5999755859375,16.238000869750977
2018-06-27,72.76000213623047,1252.800048828125,16.138999938964844
2018-06-28,73.44999694824219,1247.800048828125,15.951000213623047
2018-06-29,74.1500015258789,1251.300048828125,16.104000091552734
2018-07-02,73.94000244140625,1239.800048828125,15.744000434875488
2018-07-03,74.13999938964844,1251.5999755859375,15.95199966430664
2018-07-05,72.94000244140625,1257.300048828125,16.007999420166016
2018-07-06,73.80000305175781,1254.300048828125,15.980999946594238
2018-07-09,73.8499984741211,1258.0999755859375,16.05299949645996
2018-07-10,74.11000061035156,1253.800048828125,16.003000259399414
2018-07-11,70.37999725341797,1242.800048828125,15.732000350952148
2018-07-12,70.33000183105469,1245.0,15.89799976348877
2018-07-13,71.01000213623047,1239.5999755859375,15.73900032043457
2018-07-16,68.05999755859375,1238.0999755859375,15.734999656677246
2018-07-17,68.08000183105469,1225.699951171875,15.545999526977539
2018-07-18,68.76000213623047,1226.300048828125,15.503000259399414
2018-07-19,69.45999908447266,1222.4000244140625,15.34000015258789
2018-07-20,70.45999908447266,1229.5,15.489999771118164
2018-07-23,67.88999938964844,1224.0,15.368000030517578
2018-07-24,68.5199966430664,1223.9000244140625,15.463000297546387
2018-07-25,69.30000305175781,1231.4000244140625,15.532999992370605
2018-07-26,69.61000061035156,1225.300048828125,15.437999725341797
2018-07-27,68.69000244140625,1222.5999755859375,15.435999870300293
2018-07-30,70.12999725341797,1221.300048828125,15.475000381469727
2018-07-31,68.76000213623047,1223.699951171875,15.5
2018-08-01,67.66000366210938,1217.9000244140625,15.394000053405762
2018-08-02,68.95999908447266,1210.5999755859375,15.329000473022461
2018-08-03,68.48999786376953,1214.199951171875,15.406000137329102
2018-08-06,69.01000213623047,1208.5999755859375,15.291999816894531
2018-08-07,69.16999816894531,1209.5999755859375,15.317000389099121
2018-08-08,66.94000244140625,1212.5999755859375,15.37600040435791
2018-08-09,66.80999755859375,1211.9000244140625,15.418999671936035
2018-08-10,67.62999725341797,1211.0999755859375,15.265999794006348
2018-08-13,67.19999694824219,1191.300048828125,14.95300006866455
2018-08-14,67.04000091552734,1193.0,15.024999618530273
2018-08-15,65.01000213623047,1177.5,14.420999526977539
2018-08-16,65.45999908447266,1176.199951171875,14.696999549865723
2018-08-17,65.91000366210938,1176.5,14.616000175476074
2018-08-20,66.43000030517578,1186.800048828125,14.654999732971191
2018-08-21,67.3499984741211,1192.5999755859375,14.75100040435791
2018-08-22,67.86000061035156,1196.300048828125,14.734999656677246
2018-08-23,67.83000183105469,1187.0,14.527000427246094
2018-08-24,68.72000122070312,1206.300048828125,14.779000282287598
2018-08-27,68.87000274658203,1209.0,14.843999862670898
2018-08-28,68.52999877929688,1207.4000244140625,14.767000198364258
2018-08-29,69.51000213623047,1204.5,14.687999725341797
2018-08-30,70.25,1197.699951171875,14.47700023651123
2018-08-31,69.80000305175781,1200.300048828125,14.437999725341797
2018-09-04,69.87000274658203,1192.699951171875,14.060999870300293
2018-09-05,68.72000122070312,1194.9000244140625,14.118000030517578
2018-09-06,67.7699966430664,1197.9000244140625,14.074999809265137
2018-09-07,67.75,1193.5999755859375,14.067000389099121
2018-09-10,67.54000091552734,1193.0,14.079000473022461
2018-09-11,69.25,1195.4000244140625,14.052000045776367
2018-09-12,70.37000274658203,1204.699951171875,14.192000389099121
2018-09-13,68.58999633789062,1202.0,14.142999649047852
2018-09-14,68.98999786376953,1195.0,14.041999816894531
2018-09-17,68.91000366210938,1199.699951171875,14.121999740600586
2018-09-18,69.8499984741211,1196.800048828125,14.083999633789062
2018-09-19,71.12000274658203,1202.199951171875,14.189000129699707
2018-09-20,70.80000305175781,1206.199951171875,14.21500015258789
2018-09-21,70.77999877929688,1196.199951171875,14.269000053405762
2018-09-24,72.08000183105469,1199.300048828125,14.25100040435791
2018-09-25,72.27999877929688,1200.0,14.39799976348877
2018-09-26,71.56999969482422,1194.0,14.305000305175781
2018-09-27,72.12000274658203,1182.300048828125,14.201000213623047
2018-09-28,73.25,1191.5,14.623000144958496
2018-10-01,75.30000305175781,1187.0999755859375,14.42199993133545
2018-10-02,75.2300033569336,1202.4000244140625,14.609999656677246
2018-10-03,76.41000366210938,1198.300048828125,14.59000015258789
2018-10-04,74.33000183105469,1197.199951171875,14.510000228881836
2018-10-05,74.33999633789062,1201.199951171875,14.569000244140625
2018-10-08,74.29000091552734,1184.4000244140625,14.258999824523926
2018-10-09,74.95999908447266,1187.199951171875,14.329000473022461
2018-10-10,73.16999816894531,1189.300048828125,14.255000114440918
2018-10-11,70.97000122070312,1223.5,14.53499984741211
2018-10-12,71.33999633789062,1218.0999755859375,14.564000129699707
2018-10-15,71.77999877929688,1226.4000244140625,14.656000137329102
2018-10-16,71.91999816894531,1227.300048828125,14.630000114440918
2018-10-17,69.75,1223.699951171875,14.592000007629395
2018-10-18,68.6500015258789,1226.5,14.532999992370605
2018-10-19,69.12000274658203,1225.300048828125,14.579000473022461
2018-10-22,69.16999816894531,1221.199951171875,14.522000312805176
2018-10-23,66.43000030517578,1233.4000244140625,14.727999687194824
2018-10-24,66.81999969482422,1227.800048828125,14.611000061035156
2018-10-25,67.33000183105469,1229.0999755859375,14.5649995803833
2018-10-26,67.58999633789062,1232.5,14.635000228881836
2018-10-29,67.04000091552734,1224.5,14.376999855041504
2018-10-30,66.18000030517578,1222.5999755859375,14.402999877929688
2018-10-31,65.30999755859375,1212.300048828125,14.229000091552734
2018-11-01,63.689998626708984,1236.0,14.729000091552734
2018-11-02,63.13999938964844,1230.9000244140625,14.706999778747559
2018-11-05,63.099998474121094,1229.800048828125,14.604000091552734
2018-11-06,62.209999084472656,1223.800048828125,14.458000183105469
2018-11-07,61.66999816894531,1226.199951171875,14.527999877929688
2018-11-08,60.66999816894531,1222.9000244140625,14.38599967956543
2018-11-09,60.189998626708984,1206.4000244140625,14.102999687194824
2018-11-12,59.93000030517578,1201.300048828125,13.973999977111816
2018-11-13,55.689998626708984,1199.199951171875,13.95199966430664
2018-11-14,56.25,1207.9000244140625,14.055000305175781
2018-11-15,56.459999084472656,1212.800048828125,14.237000465393066
2018-11-16,56.459999084472656,1220.800048828125,14.357999801635742
2018-11-19,56.7599983215332,1223.0999755859375,14.380999565124512
2018-11-20,53.43000030517578,1219.0,14.246999740600586
2018-11-21,54.630001068115234,1225.800048828125,14.479999542236328
2018-11-23,50.41999816894531,1221.0,14.220999717712402
2018-11-26,51.630001068115234,1220.199951171875,14.182999610900879
2018-11-27,51.560001373291016,1211.199951171875,14.062000274658203
2018-11-28,50.290000915527344,1221.4000244140625,14.303000450134277
2018-11-29,51.45000076293945,1224.0999755859375,14.27299976348877
2018-11-30,50.93000030517578,1220.199951171875,14.093999862670898
2018-12-03,52.95000076293945,1233.9000244140625,14.380999565124512
2018-12-04,53.25,1241.0999755859375,14.520999908447266
2018-12-06,51.4900016784668,1238.0999755859375,14.390000343322754
2018-12-07,52.61000061035156,1246.800048828125,14.571999549865723
2018-12-10,51.0,1243.699951171875,14.477999687194824
2018-12-11,51.650001525878906,1241.9000244140625,14.49899959564209
2018-12-12,51.150001525878906,1244.4000244140625,14.725000381469727
2018-12-13,52.58000183105469,1242.699951171875,14.729000091552734
2018-12-14,51.20000076293945,1237.0,14.512999534606934
2018-12-17,49.880001068115234,1247.4000244140625,14.638999938964844
2018-12-18,46.2400016784668,1249.199951171875,14.585000038146973
2018-12-19,47.20000076293945,1252.0999755859375,14.70199966430664
2018-12-20,45.880001068115234,1263.5999755859375,14.753000259399414
2018-12-21,45.59000015258789,1253.800048828125,14.583000183105469
2018-12-24,42.529998779296875,1267.5,14.701000213623047
2018-12-26,46.220001220703125,1269.199951171875,15.003999710083008
2018-12-27,44.61000061035156,1277.300048828125,15.190999984741211
2018-12-28,45.33000183105469,1279.9000244140625,15.326000213623047
2018-12-31,45.40999984741211,1278.300048828125,15.432999610900879
2019-01-02,46.540000915527344,1281.0,15.541999816894531
2019-01-03,47.09000015258789,1291.800048828125,15.706000328063965
2019-01-04,47.959999084472656,1282.699951171875,15.694999694824219
2019-01-07,48.52000045776367,1286.800048828125,15.668999671936035
2019-01-08,49.779998779296875,1283.199951171875,15.62600040435791
2019-01-09,52.36000061035156,1289.300048828125,15.652999877929688
2019-01-10,52.59000015258789,1284.699951171875,15.560999870300293
2019-01-11,51.59000015258789,1287.0999755859375,15.57699966430664
2019-01-14,50.5099983215332,1289.0999755859375,15.609000205993652
2019-01-15,52.11000061035156,1286.199951171875,15.545999526977539
2019-01-16,52.310001373291016,1291.5999755859375,15.564000129699707
2019-01-17,52.06999969482422,1291.0,15.467000007629395
2019-01-18,53.79999923706055,1281.300048828125,15.329999923706055
2019-01-22,52.56999969482422,1282.5,15.258999824523926
2019-01-23,52.619998931884766,1283.0999755859375,15.317000389099121
2019-01-24,53.130001068115234,1279.0999755859375,15.23799991607666
2019-01-25,53.689998626708984,1297.4000244140625,15.638999938964844
2019-01-28,51.9900016784668,1302.4000244140625,15.708999633789062
2019-01-29,53.310001373291016,1308.199951171875,15.78600025177002
2019-01-30,54.22999954223633,1309.9000244140625,15.880000114440918
2019-01-31,53.790000915527344,1319.699951171875,16.02199935913086
2019-02-01,55.2599983215332,1316.9000244140625,15.880000114440918
2019-02-04,54.560001373291016,1314.300048828125,15.836999893188477
2019-02-05,53.65999984741211,1314.199951171875,15.789999961853027
2019-02-06,54.0099983215332,1309.5,15.656000137329102
2019-02-07,52.63999938964844,1309.4000244140625,15.675000190734863
2019-02-08,52.720001220703125,1313.699951171875,15.77299976348877
2019-02-11,52.40999984741211,1307.0,15.656999588012695
2019-02-12,53.099998474121094,1309.199951171875,15.65999984741211
2019-02-13,53.900001525878906,1310.800048828125,15.62399959564209
2019-02-14,54.40999984741211,1309.800048828125,15.5
2019-02-15,55.59000015258789,1318.0999755859375,15.722999572753906
2019-02-19,56.09000015258789,1340.0999755859375,15.946999549865723
2019-02-20,56.91999816894531,1343.300048828125,16.156999588012695
2019-02-21,56.959999084472656,1323.5,15.791000366210938
2019-02-22,57.2599983215332,1329.199951171875,15.907999992370605
2019-02-25,55.47999954223633,1325.9000244140625,15.824999809265137
2019-02-26,55.5,1325.0999755859375,15.82699966430664
2019-02-27,56.939998626708984,1317.699951171875,15.67199993133545
2019-02-28,57.220001220703125,1312.800048828125,15.538000106811523
2019-03-01,55.79999923706055,1296.4000244140625,15.168999671936035
2019-03-04,56.59000015258789,1284.800048828125,15.017000198364258
2019-03-05,56.560001373291016,1282.0,15.020000457763672
2019-03-06,56.220001220703125,1284.9000244140625,15.003000259399414
2019-03-07,56.65999984741211,1283.800048828125,14.960000038146973
2019-03-08,56.06999969482422,1297.0,15.272000312805176
2019-03-11,56.790000915527344,1288.800048828125,15.196999549865723
2019-03-12,56.869998931884766,1296.300048828125,15.338000297546387
2019-03-13,58.2599983215332,1307.5,15.380999565124512
2019-03-14,58.61000061035156,1293.4000244140625,15.10099983215332
2019-03-15,58.52000045776367,1301.800048828125,15.253000259399414
2019-03-18,59.09000015258789,1300.300048828125,15.25100040435791
2019-03-19,59.029998779296875,1305.0,15.300999641418457
2019-03-20,59.83000183105469,1300.5,15.244999885559082
2019-03-21,59.97999954223633,1306.0999755859375,15.371999740600586
2019-03-22,59.040000915527344,1311.5999755859375,15.345000267028809
2019-03-25,58.81999969482422,1321.9000244140625,15.506999969482422
2019-03-26,59.939998626708984,1314.300048828125,15.371000289916992
2019-03-27,59.40999984741211,1309.9000244140625,15.23900032043457
2019-03-28,59.29999923706055,1289.800048828125,14.920999526977539
2019-03-29,60.13999938964844,1293.0,15.0600004196167
2019-04-01,61.59000015258789,1288.4000244140625,15.050999641418457
2019-04-02,62.58000183105469,1290.0,15.017999649047852
2019-04-03,62.459999084472656,1289.9000244140625,15.059000015258789
2019-04-04,62.099998474121094,1289.0,15.041000366210938
2019-04-05,63.08000183105469,1290.4000244140625,15.043000221252441
2019-04-08,64.4000015258789,1297.0999755859375,15.17300033569336
2019-04-09,63.97999954223633,1303.5,15.168000221252441
2019-04-10,64.61000061035156,1309.0999755859375,15.201000213623047
2019-04-11,63.58000183105469,1288.5999755859375,14.824000358581543
2019-04-12,63.88999938964844,1290.5999755859375,14.920000076293945
2019-04-15,63.400001525878906,1286.800048828125,14.947999954223633
2019-04-16,64.05000305175781,1272.5999755859375,14.890999794006348
2019-04-17,63.7599983215332,1272.199951171875,14.920999526977539
2019-04-18,64.0,1271.9000244140625,14.937000274658203
2019-04-22,65.69999694824219,1273.5,14.956999778747559
2019-04-23,66.30000305175781,1269.300048828125,14.77299976348877
2019-04-24,65.88999938964844,1275.5,14.89799976348877
2019-04-25,65.20999908447266,1275.800048828125,14.861000061035156
2019-04-26,63.29999923706055,1284.9000244140625,15.001999855041504
2019-04-29,63.5,1278.5999755859375,14.843999862670898
2019-04-30,63.90999984741211,1282.800048828125,14.899999618530273
2019-05-01,63.599998474121094,1281.4000244140625,14.645000457763672
2019-05-02,61.810001373291016,1269.699951171875,14.539999961853027
2019-05-03,61.939998626708984,1279.199951171875,14.906999588012695
2019-05-06,62.25,1281.699951171875,14.857000350952148
2019-05-07,61.400001525878906,1283.5,14.859999656677246
2019-05-08,62.119998931884766,1279.4000244140625,14.791999816894531
2019-05-09,61.70000076293945,1283.5,14.706999778747559
2019-05-10,61.65999984741211,1285.699951171875,14.72599983215332
2019-05-13,61.040000915527344,1300.0999755859375,14.713000297546387
2019-05-14,61.779998779296875,1294.699951171875,14.751999855041504
2019-05-15,62.02000045776367,1296.300048828125,14.751999855041504
2019-05-16,62.869998931884766,1285.0,14.479000091552734
2019-05-17,62.7599983215332,1274.5,14.347999572753906
2019-05-20,63.099998474121094,1276.0999755859375,14.409000396728516
2019-05-21,62.9900016784668,1272.0,14.373000144958496
2019-05-22,61.41999816894531,1273.5999755859375,14.413999557495117
2019-05-23,57.90999984741211,1284.800048828125,14.57699966430664
2019-05-24,58.630001068115234,1283.0,14.520000457763672
2019-05-28,59.13999938964844,1276.5,14.281000137329102
2019-05-29,58.810001373291016,1280.5999755859375,14.371999740600586
2019-05-30,56.59000015258789,1287.0999755859375,14.460000038146973
2019-05-31,53.5,1305.800048828125,14.529999732971191
2019-06-03,53.25,1322.699951171875,14.70300006866455
2019-06-04,53.47999954223633,1323.4000244140625,14.732000350952148
2019-06-05,51.68000030517578,1328.300048828125,14.753999710083008
2019-06-06,52.59000015258789,1337.5999755859375,14.868000030517578
2019-06-07,53.9900016784668,1341.199951171875,14.994000434875488
2019-06-10,53.2599983215332,1324.699951171875,14.604999542236328
2019-06-11,53.27000045776367,1326.4000244140625,14.706000328063965
2019-06-12,51.13999938964844,1331.9000244140625,14.722000122070312
2019-06-13,52.279998779296875,1339.199951171875,14.871000289916992
2019-06-14,52.5099983215332,1340.0999755859375,14.781999588012695
2019-06-17,51.93000030517578,1338.699951171875,14.814000129699707
2019-06-18,53.900001525878906,1346.5999755859375,14.979999542236328
2019-06-19,53.7599983215332,1344.5999755859375,14.944999694824219
2019-06-20,56.650001525878906,1392.9000244140625,15.468999862670898
2019-06-21,57.43000030517578,1396.199951171875,15.27299976348877
2019-06-24,57.900001525878906,1414.300048828125,15.368000030517578
2019-06-25,57.83000183105469,1414.9000244140625,15.291000366210938
2019-06-26,59.380001068115234,1411.5999755859375,15.282999992370605
2019-06-27,59.43000030517578,1408.4000244140625,15.204999923706055
2019-06-28,58.470001220703125,1409.699951171875,15.253000259399414
2019-07-01,59.09000015258789,1385.5999755859375,15.105999946594238
2019-07-02,56.25,1404.5999755859375,15.154000282287598
2019-07-03,57.34000015258789,1417.699951171875,15.251999855041504
2019-07-05,57.5099983215332,1396.699951171875,14.918000221252441
2019-07-08,57.65999984741211,1397.0,14.972000122070312
2019-07-09,57.83000183105469,1397.5,15.067999839782715
2019-07-10,60.43000030517578,1410.0999755859375,15.147000312805176
2019-07-11,60.20000076293945,1404.300048828125,15.067000389099121
2019-07-12,60.209999084472656,1409.9000244140625,15.16100025177002
2019-07-15,59.58000183105469,1411.4000244140625,15.289999961853027
2019-07-16,57.619998931884766,1409.199951171875,15.600000381469727
2019-07-17,56.779998779296875,1421.300048828125,15.892999649047852
2019-07-18,55.29999923706055,1426.0999755859375,16.1200008392334
2019-07-19,55.630001068115234,1425.0999755859375,16.117000579833984
2019-07-22,56.220001220703125,1425.300048828125,16.34000015258789
2019-07-23,56.77000045776367,1420.0999755859375,16.405000686645508
2019-07-24,55.880001068115234,1422.800048828125,16.554000854492188
2019-07-25,56.02000045776367,1413.9000244140625,16.339000701904297
2019-07-26,56.20000076293945,1418.5,16.325000762939453
2019-07-29,56.869998931884766,1419.5999755859375,16.368000030517578
2019-07-30,58.04999923706055,1429.699951171875,16.4950008392334
2019-07-31,58.58000183105469,1426.0999755859375,16.34600067138672
2019-08-01,53.95000076293945,1420.9000244140625,16.121000289916992
2019-08-02,55.65999984741211,1445.5999755859375,16.222000122070312
2019-08-05,54.689998626708984,1464.5999755859375,16.344999313354492
2019-08-06,53.630001068115234,1472.4000244140625,16.405000686645508
2019-08-07,51.09000015258789,1507.300048828125,17.1560001373291
2019-08-08,52.540000915527344,1497.699951171875,16.900999069213867
2019-08-09,54.5,1496.5999755859375,16.89699935913086
2019-08-12,54.93000030517578,1505.300048828125,17.038999557495117
2019-08-13,57.099998474121094,1502.199951171875,16.95599937438965
2019-08-14,55.22999954223633,1515.9000244140625,17.253000259399414
2019-08-15,54.470001220703125,1519.5999755859375,17.187999725341797
2019-08-16,54.869998931884766,1512.5,17.09600067138672
2019-08-19,56.209999084472656,1500.4000244140625,16.913999557495117
2019-08-20,56.34000015258789,1504.5999755859375,17.121999740600586
2019-08-21,55.68000030517578,1504.5999755859375,17.125
2019-08-22,55.349998474121094,1497.300048828125,17.013999938964844
2019-08-23,54.16999816894531,1526.5999755859375,17.395000457763672
2019-08-26,53.63999938964844,1526.300048828125,17.624000549316406
2019-08-27,54.93000030517578,1541.0,18.138999938964844
2019-08-28,55.779998779296875,1537.800048828125,18.304000854492188
2019-08-29,56.709999084472656,1526.5,18.16699981689453
2019-08-30,55.099998474121094,1519.0999755859375,18.184999465942383
2019-09-03,53.939998626708984,1545.9000244140625,19.07900047302246
2019-09-04,56.2599983215332,1550.300048828125,19.391000747680664
2019-09-05,56.29999923706055,1515.4000244140625,18.6560001373291
2019-09-06,56.52000045776367,1506.199951171875,17.968000411987305
2019-09-09,57.849998474121094,1502.199951171875,18.018999099731445
2019-09-10,57.400001525878906,1490.300048828125,18.041000366210938
2019-09-11,55.75,1494.4000244140625,18.0310001373291
2019-09-12,55.09000015258789,1498.699951171875,18.041000366210938
2019-09-13,54.849998474121094,1490.9000244140625,17.43600082397461
2019-09-16,62.900001525878906,1503.0999755859375,17.900999069213867
2019-09-17,59.34000015258789,1505.0999755859375,18.016000747680664
2019-09-18,58.11000061035156,1507.5,17.795000076293945
2019-09-19,58.130001068115234,1498.4000244140625,17.773000717163086
2019-09-20,58.09000015258789,1507.300048828125,17.738000869750977
2019-09-23,58.63999938964844,1523.699951171875,18.600000381469727
2019-09-24,57.290000915527344,1532.0999755859375,18.517000198364258
2019-09-25,56.4900016784668,1504.5999755859375,17.961999893188477
2019-09-26,56.40999984741211,1507.5,17.801000595092773
2019-09-27,55.90999984741211,1499.0999755859375,17.552000045776367
2019-09-30,54.06999969482422,1465.699951171875,16.898000717163086
2019-10-01,53.619998931884766,1482.0,17.20199966430664
2019-10-02,52.63999938964844,1501.0,17.591999053955078
2019-10-03,52.45000076293945,1507.0999755859375,17.584999084472656
2019-10-04,52.810001373291016,1506.199951171875,17.540000915527344
2019-10-07,52.75,1497.699951171875,17.457000732421875
2019-10-08,52.630001068115234,1497.199951171875,17.617000579833984
2019-10-09,52.59000015258789,1506.0999755859375,17.72800064086914
2019-10-10,53.54999923706055,1494.800048828125,17.520000457763672
2019-10-11,54.70000076293945,1482.699951171875,17.461999893188477
2019-10-14,53.59000015258789,1491.699951171875,17.634000778198242
2019-10-15,52.810001373291016,1477.5999755859375,17.308000564575195
2019-10-16,53.36000061035156,1488.0,17.35099983215332
2019-10-17,53.93000030517578,1492.300048828125,17.535999298095703
2019-10-18,53.779998779296875,1488.199951171875,17.50200080871582
2019-10-21,53.310001373291016,1482.4000244140625,17.525999069213867
2019-10-22,54.15999984741211,1481.699951171875,17.437000274658203
2019-10-23,55.970001220703125,1489.9000244140625,17.517000198364258
2019-10-24,56.22999954223633,1498.9000244140625,17.73900032043457
2019-10-25,56.65999984741211,1499.5,17.861000061035156
2019-10-28,55.810001373291016,1490.0,17.81599998474121
2019-10-29,55.540000915527344,1487.0,17.770999908447266
2019-10-30,55.060001373291016,1493.199951171875,17.815000534057617
2019-10-31,54.18000030517578,1511.4000244140625,18.013999938964844
2019-11-01,56.20000076293945,1508.0,18.003999710083008
2019-11-04,56.540000915527344,1508.0,18.013999938964844
2019-11-05,57.22999954223633,1480.800048828125,17.516000747680664
2019-11-06,56.349998474121094,1490.199951171875,17.558000564575195
2019-11-07,57.150001525878906,1464.199951171875,16.969999313354492
2019-11-08,57.2400016784668,1461.300048828125,16.783000946044922
2019-11-11,56.86000061035156,1455.5,16.761999130249023
2019-11-12,56.79999923706055,1452.0999755859375,16.677000045776367
2019-11-13,57.119998931884766,1461.699951171875,16.898000717163086
2019-11-14,56.77000045776367,1471.800048828125,17.01300048828125
2019-11-15,57.720001220703125,1467.300048828125,16.933000564575195
2019-11-18,57.04999923706055,1470.9000244140625,16.985000610351562
2019-11-19,55.209999084472656,1473.300048828125,17.10300064086914
2019-11-20,57.11000061035156,1473.300048828125,17.100000381469727
2019-11-21,58.58000183105469,1463.0999755859375,17.049999237060547
2019-11-22,57.77000045776367,1463.0999755859375,16.985000610351562
2019-11-25,58.0099983215332,1456.5999755859375,16.871000289916992
2019-11-26,58.40999984741211,1459.800048828125,17.030000686645508
2019-11-27,58.11000061035156,1453.4000244140625,16.91200065612793
2019-11-29,55.16999816894531,1465.5999755859375,16.9689998626709
2019-12-02,55.959999084472656,1462.300048828125,16.836000442504883
2019-12-03,56.099998474121094,1478.199951171875,17.125
2019-12-04,58.43000030517578,1474.0,16.797000885009766
2019-12-05,58.43000030517578,1476.9000244140625,16.941999435424805
2019-12-06,59.20000076293945,1459.0999755859375,16.481000900268555
2019-12-09,59.02000045776367,1459.300048828125,16.531999588012695
2019-12-10,59.2400016784668,1462.5999755859375,16.59600067138672
2019-12-11,58.7599983215332,1469.4000244140625,16.743999481201172
2019-12-12,59.18000030517578,1466.699951171875,16.844999313354492
2019-12-13,60.06999969482422,1475.5999755859375,16.91200065612793
2019-12-16,60.209999084472656,1475.0,17.018999099731445
2019-12-17,60.939998626708984,1474.5999755859375,16.97800064086914
2019-12-18,60.93000030517578,1472.5999755859375,16.952999114990234
2019-12-19,61.220001220703125,1478.199951171875,17.058000564575195
2019-12-20,60.439998626708984,1474.699951171875,17.128000259399414
2019-12-23,60.52000045776367,1482.5,17.402999877929688
2019-12-24,61.11000061035156,1499.0999755859375,17.756999969482422
2019-12-26,61.68000030517578,1509.300048828125,17.893999099731445
2019-12-27,61.720001220703125,1513.800048828125,17.849000930786133
2019-12-30,61.68000030517578,1514.5,17.908000946044922
2019-12-31,61.060001373291016,1519.5,17.827999114990234
2020-01-02,61.18000030517578,1524.5,17.965999603271484
2020-01-03,63.04999923706055,1549.199951171875,18.06800079345703
2020-01-06,63.27000045776367,1566.199951171875,18.097000122070312
2020-01-07,62.70000076293945,1571.800048828125,18.31599998474121
2020-01-08,59.61000061035156,1557.4000244140625,18.08799934387207
2020-01-09,59.560001373291016,1551.699951171875,17.860000610351562
2020-01-10,59.040000915527344,1557.5,18.033000946044922
2020-01-13,58.08000183105469,1548.4000244140625,17.926000595092773
2020-01-14,58.22999954223633,1542.4000244140625,17.673999786376953
2020-01-15,57.810001373291016,1552.0999755859375,17.92300033569336
2020-01-16,58.52000045776367,1549.0,17.875
2020-01-17,58.540000915527344,1558.800048828125,18.01300048828125
2020-01-21,58.34000015258789,1556.4000244140625,17.750999450683594
2020-01-22,56.7400016784668,1555.300048828125,17.770999908447266
2020-01-23,55.59000015258789,1564.5999755859375,17.773000717163086
2020-01-24,54.189998626708984,1571.0999755859375,18.05699920654297
2020-01-27,53.13999938964844,1576.800048828125,18.0
2020-01-28,53.47999954223633,1569.199951171875,17.402000427246094
2020-01-29,53.33000183105469,1569.800048828125,17.430999755859375
2020-01-30,52.13999938964844,1583.5,17.95199966430664
2020-01-31,51.560001373291016,1582.9000244140625,17.972000122070312
2020-02-03,50.11000061035156,1577.199951171875,17.639999389648438
2020-02-04,49.61000061035156,1550.4000244140625,17.527999877929688
2020-02-05,50.75,1557.800048828125,17.569000244140625
2020-02-06,50.95000076293945,1565.0999755859375,17.788999557495117
2020-02-07,50.31999969482422,1568.5999755859375,17.665000915527344
2020-02-10,49.56999969482422,1574.699951171875,17.757999420166016
2020-02-11,49.939998626708984,1565.5999755859375,17.572999954223633
2020-02-12,51.16999816894531,1567.4000244140625,17.47800064086914
2020-02-13,51.41999816894531,1575.0999755859375,17.600000381469727
2020-02-14,52.04999923706055,1582.699951171875,17.71500015258789
2020-02-18,52.04999923706055,1600.0,18.131000518798828
2020-02-19,53.290000915527344,1607.5,18.29199981689453
2020-02-20,53.779998779296875,1616.5999755859375,18.30900001525879
2020-02-21,53.380001068115234,1644.5999755859375,18.520999908447266
2020-02-24,51.43000030517578,1672.4000244140625,18.868000030517578
2020-02-25,49.900001525878906,1646.9000244140625,18.183000564575195
2020-02-26,48.72999954223633,1640.0,17.826000213623047
2020-02-27,47.09000015258789,1640.0,17.658000946044922
2020-02-28,44.7599983215332,1564.0999755859375,16.386999130249023
2020-03-02,46.75,1592.300048828125,16.679000854492188
2020-03-03,47.18000030517578,1642.0999755859375,17.128999710083008
2020-03-04,46.779998779296875,1641.0999755859375,17.187000274658203
2020-03-05,45.900001525878906,1666.4000244140625,17.341999053955078
2020-03-06,41.279998779296875,1670.800048828125,17.214000701904297
2020-03-09,31.1299991607666,1674.5,17.000999450683594
2020-03-10,34.36000061035156,1659.0999755859375,16.9060001373291
2020-03-11,32.97999954223633,1641.4000244140625,16.729000091552734
2020-03-12,31.5,1589.300048828125,15.961000442504883
2020-03-13,31.729999542236328,1515.699951171875,14.456000328063965
2020-03-16,28.700000762939453,1485.9000244140625,12.772000312805176
2020-03-17,26.950000762939453,1524.9000244140625,12.468999862670898
2020-03-18,20.3700008392334,1477.300048828125,11.734999656677246
2020-03-19,25.219999313354492,1478.5999755859375,12.097000122070312
2020-03-20,22.43000030517578,1484.0,12.348999977111816
2020-03-23,23.360000610351562,1567.0,13.225000381469727
2020-03-24,24.010000228881836,1660.199951171875,14.229000091552734
2020-03-25,24.489999771118164,1632.300048828125,14.836999893188477
2020-03-26,22.600000381469727,1650.0999755859375,14.640000343322754
2020-03-27,21.510000228881836,1623.9000244140625,14.498000144958496
2020-03-30,20.09000015258789,1622.0,14.074000358581543
2020-03-31,20.479999542236328,1583.4000244140625,14.097999572753906
2020-04-01,20.309999465942383,1578.199951171875,13.925999641418457
2020-04-02,25.31999969482422,1625.699951171875,14.595999717712402
2020-04-03,28.34000015258789,1633.699951171875,14.435999870300293
2020-04-06,26.079999923706055,1677.0,15.111000061035156
2020-04-07,23.6299991607666,1664.800048828125,15.42199993133545
2020-04-08,25.09000015258789,1665.4000244140625,15.147000312805176
2020-04-09,22.760000228881836,1736.199951171875,15.994999885559082
2020-04-13,22.40999984741211,1744.800048828125,15.479000091552734
2020-04-14,20.110000610351562,1756.699951171875,16.07200050354004
2020-04-15,19.8700008392334,1727.199951171875,15.446999549865723
2020-04-16,19.8700008392334,1720.4000244140625,15.564000129699707
2020-04-17,18.270000457763672,1689.199951171875,15.237000465393066
2020-04-20,-37.630001068115234,1701.5999755859375,15.555999755859375
2020-04-21,10.010000228881836,1678.199951171875,14.817999839782715
2020-04-22,13.779999732971191,1728.699951171875,15.277000427246094
2020-04-23,16.5,1733.300048828125,15.347999572753906
2020-04-24,16.940000534057617,1723.5,15.253999710083008
2020-04-27,12.779999732971191,1711.9000244140625,15.201000213623047
2020-04-28,12.34000015258789,1710.5,15.161999702453613
2020-04-29,15.0600004196167,1703.4000244140625,15.15999984741211
2020-04-30,18.84000015258789,1684.199951171875,14.89799976348877
2020-05-01,19.780000686645508,1694.5,14.86299991607666
2020-05-04,20.389999389648438,1706.9000244140625,14.722000122070312
2020-05-05,24.559999465942383,1704.4000244140625,15.057000160217285
2020-05-06,23.989999771118164,1684.199951171875,14.987000465393066
2020-05-07,23.549999237060547,1721.800048828125,15.562000274658203
2020-05-08,24.739999771118164,1709.9000244140625,15.739999771118164
2020-05-11,24.139999389648438,1695.300048828125,15.63599967956543
2020-05-12,25.780000686645508,1704.4000244140625,15.687000274658203
2020-05-13,25.290000915527344,1713.9000244140625,15.663000106811523
2020-05-14,27.559999465942383,1738.0999755859375,16.13599967956543
2020-05-15,29.43000030517578,1753.4000244140625,17.04599952697754
2020-05-18,31.81999969482422,1731.800048828125,17.464000701904297
2020-05-19,32.5,1744.199951171875,17.892000198364258
2020-05-20,33.4900016784668,1750.5999755859375,18.00200080871582
2020-05-21,33.91999816894531,1720.5,17.334999084472656
2020-05-22,33.25,1734.5999755859375,17.663999557495117
2020-05-26,34.349998474121094,1704.800048828125,17.565000534057617
2020-05-27,32.810001373291016,1710.300048828125,17.68600082397461
2020-05-28,33.709999084472656,1713.300048828125,17.895000457763672
2020-05-29,35.4900016784668,1736.9000244140625,18.440000534057617
2020-06-01,35.439998626708984,1737.800048828125,18.76799964904785
2020-06-02,36.810001373291016,1725.199951171875,18.207000732421875
2020-06-03,37.290000915527344,1697.800048828125,17.92099952697754
2020-06-04,37.40999984741211,1718.9000244140625,18.02400016784668
2020-06-05,39.54999923706055,1676.199951171875,17.44300079345703
2020-06-08,38.189998626708984,1698.300048828125,17.868000030517578
2020-06-09,38.939998626708984,1714.699951171875,17.77400016784668
2020-06-10,39.599998474121094,1713.300048828125,17.775999069213867
2020-06-11,36.34000015258789,1732.0,17.868999481201172
2020-06-12,36.2599983215332,1729.300048828125,17.461999893188477
2020-06-15,37.119998931884766,1720.300048828125,17.378999710083008
2020-06-16,38.380001068115234,1729.5999755859375,17.631999969482422
2020-06-17,37.959999084472656,1729.199951171875,17.756999969482422
2020-06-18,38.84000015258789,1724.800048828125,17.493000030517578
2020-06-19,39.75,1745.9000244140625,17.832000732421875
2020-06-22,40.459999084472656,1756.699951171875,17.886999130249023
2020-06-23,40.369998931884766,1772.0999755859375,18.051000595092773
2020-06-24,38.0099983215332,1765.800048828125,17.658000946044922
2020-06-25,38.720001220703125,1762.0999755859375,17.882999420166016
2020-06-26,38.4900016784668,1772.5,18.023000717163086
2020-06-29,39.70000076293945,1774.800048828125,17.979999542236328
2020-06-30,39.27000045776367,1793.0,18.541000366210938
2020-07-01,39.81999969482422,1773.199951171875,18.132999420166016
2020-07-02,40.650001525878906,1784.0,18.243999481201172
2020-07-06,40.630001068115234,1788.5,18.503999710083008
2020-07-07,40.619998931884766,1804.199951171875,18.628000259399414
2020-07-08,40.900001525878906,1815.5,19.08099937438965
2020-07-09,39.619998931884766,1799.199951171875,18.881999969482422
2020-07-10,40.54999923706055,1798.199951171875,18.982999801635742
2020-07-13,40.099998474121094,1811.0,19.708999633789062
2020-07-14,40.290000915527344,1810.5999755859375,19.451000213623047
2020-07-15,41.20000076293945,1811.4000244140625,19.684999465942383
2020-07-16,40.75,1798.699951171875,19.496999740600586
2020-07-17,40.59000015258789,1808.300048828125,19.684999465942383
2020-07-20,40.810001373291016,1815.9000244140625,20.124000549316406
2020-07-21,41.959999084472656,1842.4000244140625,21.496999740600586
2020-07-22,41.900001525878906,1864.0999755859375,23.08300018310547
2020-07-23,41.06999969482422,1889.0999755859375,22.94499969482422
2020-07-24,41.290000915527344,1897.300048828125,22.808000564575195
2020-07-27,41.599998474121094,1931.0,24.47599983215332
2020-07-28,41.040000915527344,1944.699951171875,24.266000747680664
2020-07-29,41.27000045776367,1953.5,24.292999267578125
2020-07-30,39.91999816894531,1942.300048828125,23.34000015258789
2020-07-31,40.27000045776367,1962.800048828125,24.18899917602539
2020-08-03,41.0099983215332,1966.0,24.389999389648438
2020-08-04,41.70000076293945,2001.199951171875,26.011999130249023
2020-08-05,42.189998626708984,2031.0999755859375,26.87700080871582
2020-08-06,41.95000076293945,2051.5,28.386999130249023
2020-08-07,41.220001220703125,2010.0999755859375,27.533000946044922
2020-08-10,41.939998626708984,2024.4000244140625,29.249000549316406
2020-08-11,41.61000061035156,1932.5999755859375,26.03700065612793
2020-08-12,42.66999816894531,1934.9000244140625,25.954999923706055
2020-08-13,42.2400016784668,1956.699951171875,27.694000244140625
2020-08-14,42.0099983215332,1937.0,26.065000534057617
2020-08-17,42.88999938964844,1985.0,27.64299964904785
2020-08-18,42.88999938964844,1999.4000244140625,28.048999786376953
2020-08-19,42.93000030517578,1958.699951171875,27.315000534057617
2020-08-20,42.58000183105469,1933.800048828125,27.121999740600586
2020-08-21,42.34000015258789,1934.5999755859375,26.707000732421875
2020-08-24,42.619998931884766,1927.699951171875,26.58799934387207
2020-08-25,43.349998474121094,1911.800048828125,26.253999710083008
2020-08-26,43.38999938964844,1940.699951171875,27.43000030517578
2020-08-27,43.040000915527344,1921.5999755859375,27.010000228881836
2020-08-28,42.970001220703125,1964.5999755859375,27.610000610351562
2020-08-31,42.61000061035156,1967.5999755859375,28.437000274658203
2020-09-01,42.7599983215332,1968.199951171875,28.486000061035156
2020-09-02,41.5099983215332,1934.4000244140625,27.249000549316406
2020-09-03,41.369998931884766,1927.5999755859375,26.735000610351562
2020-09-04,39.77000045776367,1923.9000244140625,26.576000213623047
2020-09-08,36.7599983215332,1933.0,26.86400032043457
2020-09-09,38.04999923706055,1944.699951171875,26.954999923706055
2020-09-10,37.29999923706055,1954.199951171875,27.163000106811523
2020-09-11,37.33000183105469,1937.800048828125,26.73900032043457
2020-09-14,37.2599983215332,1953.0999755859375,27.229000091552734
2020-09-15,38.279998779296875,1956.300048828125,27.34600067138672
2020-09-16,40.15999984741211,1960.199951171875,27.354999542236328
2020-09-17,40.970001220703125,1940.0,26.985000610351562
2020-09-18,41.11000061035156,1952.0999755859375,27.027999877929688
2020-09-21,39.310001373291016,1901.199951171875,24.298999786376953
2020-09-22,39.599998474121094,1898.5999755859375,24.441999435424805
2020-09-23,39.93000030517578,1859.9000244140625,23.013999938964844
2020-09-24,40.310001373291016,1868.300048828125,23.118000030517578
2020-09-25,40.25,1857.699951171875,23.017000198364258
2020-09-28,40.599998474121094,1872.800048828125,23.527999877929688
2020-09-29,39.290000915527344,1894.300048828125,24.3799991607666
2020-09-30,40.220001220703125,1887.5,23.433000564575195
2020-10-01,38.720001220703125,1908.4000244140625,24.19300079345703
2020-10-02,37.04999923706055,1900.199951171875,23.97100067138672
2020-10-05,39.220001220703125,1912.5,24.50200080871582
2020-10-06,40.66999816894531,1901.0999755859375,23.8700008392334
2020-10-07,39.95000076293945,1883.5999755859375,23.847999572753906
2020-10-08,41.189998626708984,1888.5999755859375,23.836999893188477
2020-10-09,40.599998474121094,1919.5,25.069000244140625
2020-10-12,39.43000030517578,1922.5,25.22599983215332
2020-10-13,40.20000076293945,1888.5,24.086000442504883
2020-10-14,41.040000915527344,1901.300048828125,24.36400032043457
2020-10-15,40.959999084472656,1903.199951171875,24.19300079345703
2020-10-16,40.880001068115234,1900.800048828125,24.368999481201172
2020-10-19,40.83000183105469,1906.4000244140625,24.656999588012695
2020-10-20,41.459999084472656,1910.4000244140625,24.937000274658203
2020-10-21,40.029998779296875,1924.5999755859375,25.19700050354004
2020-10-22,40.63999938964844,1901.0999755859375,24.665000915527344
2020-10-23,39.849998474121094,1902.0,24.62700080871582
2020-10-26,38.560001373291016,1902.699951171875,24.375999450683594
2020-10-27,39.56999969482422,1908.800048828125,24.525999069213867
2020-10-28,37.38999938964844,1876.199951171875,23.323999404907227
2020-10-29,36.16999816894531,1865.5999755859375,23.339000701904297
2020-10-30,35.790000915527344,1877.4000244140625,23.617000579833984
2020-11-02,36.810001373291016,1890.4000244140625,24.006000518798828
2020-11-03,37.65999984741211,1908.5,24.30500030517578
2020-11-04,39.150001525878906,1894.5999755859375,23.86400032043457
2020-11-05,38.790000915527344,1945.300048828125,25.17099952697754
2020-11-06,37.13999938964844,1950.300048828125,25.645999908447266
2020-11-09,40.290000915527344,1853.199951171875,23.684999465942383
2020-11-10,41.36000061035156,1875.4000244140625,24.445999145507812
2020-11-11,41.45000076293945,1860.699951171875,24.250999450683594
2020-11-12,41.119998931884766,1872.5999755859375,24.290000915527344
2020-11-13,40.130001068115234,1885.699951171875,24.759000778198242
2020-11-16,41.34000015258789,1887.300048828125,24.785999298095703
2020-11-17,41.43000030517578,1884.5,24.635000228881836
2020-11-18,41.81999969482422,1873.5,24.433000564575195
2020-11-19,41.7400016784668,1861.0999755859375,24.033000946044922
2020-11-20,42.150001525878906,1872.5999755859375,24.347999572753906
2020-11-23,43.060001373291016,1837.800048828125,23.624000549316406
2020-11-24,44.90999984741211,1804.800048828125,23.29199981689453
2020-11-25,45.709999084472656,1805.699951171875,23.356000900268555
2020-11-27,45.529998779296875,1781.9000244140625,22.55299949645996
2020-11-30,45.34000015258789,1775.699951171875,22.534000396728516
2020-12-01,44.54999923706055,1814.0999755859375,24.033000946044922
2020-12-02,45.279998779296875,1825.699951171875,24.024999618530273
2020-12-03,45.63999938964844,1836.800048828125,24.086999893188477
2020-12-04,46.2599983215332,1835.9000244140625,24.202999114990234
2020-12-07,45.7599983215332,1861.800048828125,24.740999221801758
2020-12-08,45.599998474121094,1870.800048828125,24.68400001525879
2020-12-09,45.52000045776367,1834.5999755859375,23.93000030517578
2020-12-10,46.779998779296875,1833.5999755859375,24.0310001373291
2020-12-11,46.56999969482422,1839.800048828125,24.031999588012695
2020-12-14,46.9900016784668,1828.699951171875,23.985000610351562
2020-12-15,47.619998931884766,1852.300048828125,24.58099937438965
2020-12-16,47.81999969482422,1856.0999755859375,24.985000610351562
2020-12-17,48.36000061035156,1887.199951171875,26.100000381469727
2020-12-18,49.099998474121094,1885.699951171875,25.948999404907227
2020-12-21,47.7400016784668,1879.199951171875,26.277999877929688
2020-12-22,47.02000045776367,1866.5999755859375,25.43400001525879
2020-12-23,48.119998931884766,1874.699951171875,25.823999404907227
2020-12-24,48.22999954223633,1879.9000244140625,25.81100082397461
2020-12-28,47.619998931884766,1877.199951171875,26.459999084472656
2020-12-29,48.0,1879.699951171875,26.13800048828125
2020-12-30,48.400001525878906,1891.0,26.488000869750977
2020-12-31,48.52000045776367,1893.0999755859375,26.332000732421875
2021-01-04,47.619998931884766,1944.699951171875,27.284000396728516
2021-01-05,49.93000030517578,1952.699951171875,27.570999145507812
2021-01-06,50.630001068115234,1906.9000244140625,26.972999572753906
2021-01-07,50.83000183105469,1912.300048828125,27.200000762939453
2021-01-08,52.2400016784668,1834.0999755859375,24.582000732421875
2021-01-11,52.25,1849.5999755859375,25.23900032043457
2021-01-12,53.209999084472656,1842.9000244140625,25.384000778198242
2021-01-13,52.90999984741211,1853.5999755859375,25.520000457763672
2021-01-14,53.56999969482422,1850.300048828125,25.746000289916992
2021-01-15,52.36000061035156,1829.300048828125,24.825000762939453
2021-01-19,52.97999954223633,1839.5,25.27899932861328
2021-01-20,53.2400016784668,1865.9000244140625,25.733999252319336
2021-01-21,53.130001068115234,1865.300048828125,25.82200050354004
2021-01-22,52.27000045776367,1855.699951171875,25.52400016784668
2021-01-25,52.77000045776367,1854.9000244140625,25.454999923706055
2021-01-26,52.61000061035156,1850.699951171875,25.52899932861328
2021-01-27,52.849998474121094,1844.9000244140625,25.375999450683594
2021-01-28,52.34000015258789,1837.9000244140625,25.909000396728516
2021-01-29,52.20000076293945,1847.300048828125,26.899999618530273
2021-02-01,53.54999923706055,1860.800048828125,29.398000717163086
2021-02-02,54.7599983215332,1830.5,26.384000778198242
2021-02-03,55.689998626708984,1832.199951171875,26.878000259399414
2021-02-04,56.22999954223633,1788.9000244140625,26.222999572753906
2021-02-05,56.849998474121094,1810.9000244140625,27.013999938964844
2021-02-08,57.970001220703125,1831.9000244140625,27.56999969482422
2021-02-09,58.36000061035156,1835.300048828125,27.395999908447266
2021-02-10,58.68000030517578,1840.5999755859375,27.073999404907227
2021-02-11,58.2400016784668,1824.9000244140625,27.04199981689453
2021-02-12,59.470001220703125,1821.5999755859375,27.322999954223633
2021-02-16,60.04999923706055,1797.199951171875,27.319000244140625
2021-02-17,61.13999938964844,1771.0999755859375,27.31399917602539
2021-02-18,60.52000045776367,1773.4000244140625,27.07699966430664
2021-02-19,59.2400016784668,1775.800048828125,27.25200080871582
2021-02-22,61.4900016784668,1806.699951171875,28.08300018310547
2021-02-23,61.66999816894531,1804.4000244140625,27.68600082397461
2021-02-24,63.220001220703125,1796.4000244140625,27.85700035095215
2021-02-25,63.529998779296875,1774.4000244140625,27.636999130249023
2021-02-26,61.5,1728.0999755859375,26.402000427246094
2021-03-01,60.63999938964844,1722.5,26.64699935913086
2021-03-02,59.75,1733.0999755859375,26.850000381469727
2021-03-03,61.279998779296875,1715.300048828125,26.35700035095215
2021-03-04,63.83000183105469,1700.199951171875,25.43400001525879
2021-03-05,66.08999633789062,1698.0,25.256999969482422
2021-03-08,65.05000305175781,1677.699951171875,25.239999771118164
2021-03-09,64.01000213623047,1716.5999755859375,26.148000717163086
2021-03-10,64.44000244140625,1721.5,26.101999282836914
2021-03-11,66.0199966430664,1722.300048828125,26.16200065612793
2021-03-12,65.61000061035156,1719.5,25.8799991607666
2021-03-15,65.38999938964844,1728.9000244140625,26.253000259399414
2021-03-16,64.80000305175781,1730.5999755859375,25.974000930786133
2021-03-17,64.5999984741211,1726.800048828125,26.030000686645508
2021-03-18,60.0,1732.199951171875,26.320999145507812
2021-03-19,61.41999816894531,1741.4000244140625,26.29199981689453
2021-03-22,61.54999923706055,1737.800048828125,25.740999221801758
2021-03-23,57.7599983215332,1724.699951171875,25.200000762939453
2021-03-24,61.18000030517578,1732.9000244140625,25.201000213623047
2021-03-25,58.560001373291016,1724.9000244140625,25.02199935913086
2021-03-26,60.970001220703125,1732.199951171875,25.091999053955078
2021-03-29,61.560001373291016,1712.0999755859375,24.746999740600586
2021-03-30,60.54999923706055,1683.9000244140625,24.121000289916992
2021-03-31,59.15999984741211,1713.800048828125,24.517000198364258
2021-04-01,61.45000076293945,1726.5,24.934999465942383
2021-04-05,58.650001525878906,1727.0,24.76300048828125
2021-04-06,59.33000183105469,1741.5,25.211999893188477
2021-04-07,59.77000045776367,1740.0999755859375,25.232999801635742
2021-04-08,59.599998474121094,1756.800048828125,25.569000244140625
2021-04-09,59.31999969482422,1743.300048828125,25.31100082397461
2021-04-12,59.70000076293945,1731.199951171875,24.85300064086914
2021-04-13,60.18000030517578,1746.199951171875,25.41699981689453
2021-04-14,63.150001525878906,1734.9000244140625,25.514999389648438
2021-04-15,63.459999084472656,1765.4000244140625,25.95599937438965
2021-04-16,63.130001068115234,1779.0,26.099000930786133
2021-04-19,63.380001068115234,1769.4000244140625,25.83099937438965
2021-04-20,62.439998626708984,1777.300048828125,25.834999084472656
2021-04-21,61.349998474121094,1792.300048828125,26.565000534057617
2021-04-22,61.43000030517578,1781.199951171875,26.173999786376953
2021-04-23,62.13999938964844,1777.0,26.07699966430664
2021-04-26,61.90999984741211,1779.199951171875,26.211000442504883
2021-04-27,62.939998626708984,1778.0,26.41200065612793
2021-04-28,63.86000061035156,1773.199951171875,26.08099937438965
2021-04-29,65.01000213623047,1768.0999755859375,26.05299949645996
2021-04-30,63.58000183105469,1767.300048828125,25.85300064086914
2021-05-03,64.48999786376953,1791.4000244140625,26.94300079345703
2021-05-04,65.69000244140625,1775.800048828125,26.538999557495117
2021-05-05,65.62999725341797,1784.0999755859375,26.50200080871582
2021-05-06,64.70999908447266,1815.5,27.461999893188477
2021-05-07,64.9000015258789,1831.0999755859375,27.461999893188477
2021-05-10,64.91999816894531,1837.5,27.479000091552734
2021-05-11,65.27999877929688,1835.9000244140625,27.656999588012695
2021-05-12,66.08000183105469,1822.5999755859375,27.231000900268555
2021-05-13,63.81999969482422,1823.800048828125,27.04400062561035
2021-05-14,65.37000274658203,1837.9000244140625,27.35300064086914
2021-05-17,66.2699966430664,1867.5,28.260000228881836
2021-05-18,65.48999786376953,1867.800048828125,28.31399917602539
2021-05-19,63.36000061035156,1881.300048828125,28.007999420166016
2021-05-20,62.04999923706055,1881.800048828125,28.052000045776367
2021-05-21,63.58000183105469,1876.699951171875,27.472999572753906
2021-05-24,66.05000305175781,1884.5999755859375,27.886999130249023
2021-05-25,66.06999969482422,1898.0999755859375,28.03700065612793
2021-05-26,66.20999908447266,1901.300048828125,27.85300064086914
2021-05-27,66.8499984741211,1895.699951171875,27.91900062561035
2021-05-28,66.31999969482422,1902.5,27.993000030517578
2021-06-01,67.72000122070312,1902.9000244140625,28.08300018310547
2021-06-02,68.83000183105469,1907.5,28.18600082397461
2021-06-03,68.80999755859375,1871.199951171875,27.459999084472656
2021-06-04,69.62000274658203,1889.800048828125,27.878999710083008
2021-06-07,69.2300033569336,1896.800048828125,28.000999450683594
2021-06-08,70.05000305175781,1892.199951171875,27.71500015258789
2021-06-09,69.95999908447266,1893.199951171875,27.985000610351562
2021-06-10,70.29000091552734,1894.199951171875,28.014999389648438
2021-06-11,70.91000366210938,1877.4000244140625,28.131000518798828
2021-06-14,70.87999725341797,1864.0,28.02400016784668
2021-06-15,72.12000274658203,1854.5,27.679000854492188
2021-06-16,72.1500015258789,1859.5,27.799999237060547
2021-06-17,71.04000091552734,1773.800048828125,25.8439998626709
2021-06-18,71.63999938964844,1767.9000244140625,25.95800018310547
2021-06-21,73.66000366210938,1781.800048828125,26.014999389648438
2021-06-22,73.05999755859375,1776.300048828125,25.847999572753906
2021-06-23,73.08000183105469,1782.300048828125,26.107999801635742
2021-06-24,73.30000305175781,1775.5999755859375,26.047000885009766
2021-06-25,74.05000305175781,1776.5999755859375,26.082000732421875
2021-06-28,72.91000366210938,1779.5999755859375,26.218000411987305
2021-06-29,72.9800033569336,1762.800048828125,25.871999740600586
2021-06-30,73.47000122070312,1770.800048828125,26.165000915527344
2021-07-01,75.2300033569336,1775.9000244140625,26.075000762939453
2021-07-02,75.16000366210938,1782.5999755859375,26.481000900268555
2021-07-06,73.37000274658203,1793.5,26.15399932861328
2021-07-07,72.19999694824219,1801.5,26.110000610351562
2021-07-08,72.94000244140625,1799.5999755859375,25.966999053955078
2021-07-09,74.55999755859375,1810.0,26.211000442504883
2021-07-12,74.0999984741211,1805.5,26.216999053955078
2021-07-13,75.25,1809.4000244140625,26.114999771118164
2021-07-14,73.12999725341797,1824.300048828125,26.246000289916992
2021-07-15,71.6500015258789,1828.4000244140625,26.375
2021-07-16,71.80999755859375,1814.5,25.777000427246094
2021-07-19,66.41999816894531,1808.699951171875,25.125999450683594
2021-07-20,67.41999816894531,1810.9000244140625,24.976999282836914
2021-07-21,70.30000305175781,1802.9000244140625,25.238000869750977
2021-07-22,71.91000366210938,1805.0,25.364999771118164
2021-07-23,72.06999969482422,1801.4000244140625,25.218000411987305
2021-07-26,71.91000366210938,1798.699951171875,25.295000076293945
2021-07-27,71.6500015258789,1799.5,24.631999969482422
2021-07-28,72.38999938964844,1799.5,24.856000900268555
2021-07-29,73.62000274658203,1831.199951171875,25.763999938964844
2021-07-30,73.94999694824219,1812.5999755859375,25.527999877929688
2021-08-02,71.26000213623047,1818.0999755859375,25.55699920654297
2021-08-03,70.55999755859375,1810.0999755859375,25.56599998474121
2021-08-04,68.1500015258789,1810.5,25.445999145507812
2021-08-05,69.08999633789062,1805.0999755859375,25.277000427246094
2021-08-06,68.27999877929688,1760.0,24.312000274658203
2021-08-09,66.4800033569336,1723.4000244140625,23.2549991607666
2021-08-10,68.29000091552734,1728.800048828125,23.37700080871582
2021-08-11,69.25,1750.4000244140625,23.474000930786133
2021-08-12,69.08999633789062,1749.0,23.104999542236328
2021-08-13,68.44000244140625,1775.199951171875,23.76799964904785
2021-08-16,67.29000091552734,1786.9000244140625,23.780000686645508
2021-08-17,66.58999633789062,1785.0,23.648000717163086
2021-08-18,65.45999908447266,1781.5999755859375,23.41200065612793
2021-08-19,63.689998626708984,1780.199951171875,23.219999313354492
2021-08-20,62.31999969482422,1781.0,23.104999542236328
2021-08-23,65.63999938964844,1803.199951171875,23.64900016784668
2021-08-24,67.54000091552734,1805.5999755859375,23.889999389648438
2021-08-25,68.36000061035156,1788.199951171875,23.770999908447266
2021-08-26,67.41999816894531,1792.199951171875,23.54599952697754
2021-08-27,68.73999786376953,1816.5999755859375,24.059999465942383
2021-08-30,69.20999908447266,1809.0,23.959999084472656
2021-08-31,68.5,1815.0,23.959999084472656
2021-09-01,68.58999633789062,1813.0999755859375,24.177000045776367
2021-09-02,69.98999786376953,1808.699951171875,23.875
2021-09-03,69.29000091552734,1830.9000244140625,24.761999130249023
2021-09-07,68.3499984741211,1795.9000244140625,24.333999633789062
2021-09-08,69.30000305175781,1790.699951171875,24.011999130249023
2021-09-09,68.13999938964844,1797.4000244140625,24.132999420166016
2021-09-10,69.72000122070312,1789.5999755859375,23.854999542236328
2021-09-13,70.44999694824219,1792.0,23.753000259399414
2021-09-14,70.45999908447266,1804.699951171875,23.841999053955078
2021-09-15,72.61000061035156,1792.4000244140625,23.759000778198242
2021-09-16,72.61000061035156,1754.5999755859375,22.75200080871582
2021-09-17,71.97000122070312,1749.4000244140625,22.295000076293945
2021-09-20,70.29000091552734,1761.800048828125,22.163000106811523
2021-09-21,70.55999755859375,1776.0,22.572999954223633
2021-09-22,72.2300033569336,1776.699951171875,22.868999481201172
2021-09-23,73.30000305175781,1747.699951171875,22.642000198364258
2021-09-24,73.9800033569336,1749.699951171875,22.38800048828125
2021-09-27,75.44999694824219,1750.0,22.656999588012695
2021-09-28,75.29000091552734,1735.800048828125,22.43000030517578
2021-09-29,74.83000183105469,1721.5,21.458999633789062
2021-09-30,75.02999877929688,1755.300048828125,22.020999908447266
2021-10-01,75.87999725341797,1757.0,22.510000228881836
2021-10-04,77.62000274658203,1766.199951171875,22.618000030517578
2021-10-05,78.93000030517578,1759.5999755859375,22.582000732421875
2021-10-06,77.43000030517578,1760.5,22.506000518798828
2021-10-07,78.30000305175781,1757.9000244140625,22.631999969482422
2021-10-08,79.3499984741211,1756.300048828125,22.679000854492188
2021-10-11,80.5199966430664,1754.5999755859375,22.639999389648438
2021-10-12,80.63999938964844,1758.300048828125,22.490999221801758
2021-10-13,80.44000244140625,1793.699951171875,23.14900016784668
2021-10-14,81.30999755859375,1796.699951171875,23.45599937438965
2021-10-15,82.27999877929688,1767.199951171875,23.327999114990234
2021-10-18,82.44000244140625,1764.800048828125,23.243000030517578
2021-10-19,82.95999908447266,1769.699951171875,23.86199951171875
2021-10-20,83.87000274658203,1784.0999755859375,24.423999786376953
2021-10-21,82.5,1781.199951171875,24.149999618530273
2021-10-22,83.76000213623047,1795.5,24.429000854492188
2021-10-25,83.76000213623047,1806.0,24.57200050354004
2021-10-26,84.6500015258789,1792.699951171875,24.086000442504883
2021-10-27,82.66000366210938,1797.9000244140625,24.18899917602539
2021-10-28,82.80999755859375,1801.5999755859375,24.117000579833984
2021-10-29,83.56999969482422,1783.0,23.94499969482422
2021-11-01,84.05000305175781,1795.0999755859375,24.06399917602539
2021-11-02,83.91000366210938,1788.699951171875,23.5
2021-11-03,80.86000061035156,1763.5999755859375,23.22599983215332
2021-11-04,78.80999755859375,1793.0,23.9060001373291
2021-11-05,81.2699966430664,1816.4000244140625,24.152000427246094
2021-11-08,81.93000030517578,1827.4000244140625,24.53700065612793
2021-11-09,84.1500015258789,1830.199951171875,24.312999725341797
2021-11-10,81.33999633789062,1847.5999755859375,24.767000198364258
2021-11-11,81.58999633789062,1863.199951171875,25.301000595092773
2021-11-12,80.79000091552734,1867.9000244140625,25.3439998626709
2021-11-15,80.87999725341797,1866.0999755859375,25.10700035095215
2021-11-16,80.76000213623047,1853.5999755859375,24.944000244140625
2021-11-17,78.36000061035156,1869.699951171875,25.16699981689453
2021-11-18,79.01000213623047,1861.0,24.900999069213867
2021-11-19,76.0999984741211,1851.199951171875,24.780000686645508
2021-11-22,76.75,1806.0,24.297000885009766
2021-11-23,78.5,1783.5,23.434999465942383
2021-11-24,78.38999938964844,1784.0999755859375,23.496000289916992
2021-11-25,78.02999877929688,1791.4000244140625,
2021-11-26,68.1500015258789,1785.300048828125,23.10700035095215
2021-11-29,69.94999694824219,1782.300048828125,22.798999786376953
2021-11-30,66.18000030517578,1773.5999755859375,22.764999389648438
2021-12-01,65.56999969482422,1781.5999755859375,22.298999786376953
2021-12-02,66.5,1760.699951171875,22.280000686645508
2021-12-03,66.26000213623047,1782.0,22.44499969482422
2021-12-06,69.48999786376953,1777.5,22.22800064086914
2021-12-07,72.05000305175781,1782.5999755859375,22.48699951171875
2021-12-08,72.36000061035156,1783.4000244140625,22.389999389648438
2021-12-09,70.94000244140625,1774.5999755859375,21.974000930786133
