,id,market_cap_rank,symbol,liquidity_score,sentiment_votes_up_percentage,public_interest_score,developer_score,sentiment_votes_down_percentage,community_score,name,coingecko_score,current_price,alexa_rank,bing_matches,facebook_likes,twitter_followers,reddit_average_posts_48h,reddit_average_comments_48h,reddit_subscribers,reddit_accounts_active_48h,telegram_channel_user_count
1,bitcoin,1,btc,100.247,64.89,0.0,98.876,35.11,70.897,Bitcoin,80.366,42924,9440.0,,,3957201.0,6.273,776.545,3651547.0,3567.0,
1,ethereum,2,eth,97.991,84.27,0.0,97.351,15.73,61.678,Ethereum,77.057,3721.07,8793.0,,,1946371.0,7.0,230.2,1177652.0,1044.0,
1,binancecoin,3,bnb,78.274,83.05,0.0,73.187,16.95,62.85,Binance Coin,66.123,512.24,888.0,,,6520341.0,8.9,190.7,736533.0,692.0,
1,tether,4,usdt,105.444,62.76,0.0,0.0,37.24,11.055,Tether,41.69,0.883475,74251.0,,,178543.0,0.0,0.0,0.0,0.0,
1,solana,5,sol,82.578,67.64,0.0,88.596,32.36,54.942,Solana,68.761,163.96,83508.0,,,1085079.0,8.273,128.364,105292.0,334.0,100175.0
1,cardano,6,ada,79.66,62.89,0.0,70.402,37.11,59.072,Cardano,64.334,1.18,42419.0,,,747998.0,6.455,302.273,669877.0,963.0,
1,ripple,7,xrp,82.99,80.46,0.0,83.074,19.54,52.589,XRP,66.618,0.788626,23989.0,,,2288071.0,0.846,47.923,340285.0,300.0,
1,usd-coin,8,usdc,84.985,70.0,0.0,63.829,30.0,0.0,USD Coin,50.661,0.882095,65370.0,,,0.0,0.0,0.0,0.0,0.0,
1,polkadot,9,dot,75.82,70.72,0.0,86.546,29.28,45.508,Polkadot,64.308,24.45,30578.0,,,974675.0,1.538,23.846,36369.0,89.0,38769.0
1,terra-luna,10,luna,82.169,87.52,0.0,0.0,12.48,46.33,Terra,44.019,62.51,206479.0,,,241495.0,4.455,77.455,18702.0,152.0,27191.0
1,dogecoin,11,doge,77.446,54.48,0.0,75.176,45.52,67.94,Dogecoin,66.549,0.153249,145564.0,,,2631941.0,7.4,866.8,2235472.0,2444.0,
1,avalanche-2,12,AVAX,75.706,78.1,0.0,83.478,21.9,45.112,Avalanche,63.237,77.5,184521.0,,,438850.0,2.6,39.1,26111.0,131.0,41609.0
1,shiba-inu,13,shib,81.941,72.97,0.0,0.0,27.03,59.88,Shiba Inu,46.781,3.19e-05,4476531.0,,,2262450.0,7.1,763.4,448309.0,1331.0,169858.0
1,matic-network,14,matic,81.543,86.23,0.0,61.663,13.77,12.609,Polygon,51.549,1.93,55039.0,,,978328.0,0.0,0.0,0.0,0.0,38176.0
1,crypto-com-chain,15,cro,68.99,81.14,0.0,74.863,18.86,55.527,Crypto.com Coin,61.768,0.515819,7861.0,,,1387160.0,7.455,708.909,127799.0,1260.0,114637.0
1,binance-usd,16,busd,87.189,61.82,0.0,0.0,38.18,9.343,Binance USD,36.39,0.886906,82114.0,,,27580.0,0.0,0.0,0.0,0.0,
1,wrapped-bitcoin,17,wbtc,68.035,73.91,0.0,0.0,26.09,0.0,Wrapped Bitcoin,30.492,42895,168297.0,,,0.0,0.0,0.0,0.0,0.0,
1,litecoin,18,ltc,77.686,71.6,0.0,73.332,28.4,50.844,Litecoin,61.817,137.01,178888.0,,,205430.0,1.5,120.5,352457.0,252.0,
1,algorand,19,algo,69.36,73.71,0.0,80.113,26.29,47.1,Algorand,61.039,1.41,368912.0,,,203896.0,5.2,129.8,58763.0,228.0,47333.0
1,chainlink,20,link,74.859,78.37,0.0,84.734,21.63,46.435,Chainlink,63.01,18.57,41366.0,,,652935.0,1.8,8.8,73107.0,108.0,42053.0
1,tron,21,trx,78.521,75.0,0.0,84.777,25.0,48.485,TRON,64.191,0.079414,28670.0,,,1293762.0,0.917,9.833,121024.0,125.0,82274.0
1,dai,22,dai,72.157,80.0,0.0,0.0,20.0,42.541,Dai,40.397,0.887277,30241.0,,,192147.0,0.818,4.727,32099.0,63.0,
1,bitcoin-cash,23,bch,80.52,62.86,0.0,0.0,37.14,45.813,Bitcoin Cash,42.787,404.29,999966.0,,,0.0,6.231,249.615,715852.0,556.0,2326.0
1,terrausd,24,ust,62.414,87.3,0.0,0.0,12.7,11.291,TerraUSD,31.518,0.884074,206479.0,,,238610.0,0.0,0.0,0.0,0.0,
1,uniswap,25,uni,67.838,73.33,0.0,0.0,26.67,47.484,Uniswap,40.52,14.86,3614.0,,,746927.0,2.333,10.333,58537.0,97.0,
1,axie-infinity,26,axs,67.075,69.44,0.0,0.0,30.56,12.397,Axie Infinity,32.582,94.41,33612.0,,,771218.0,0.0,0.0,0.0,0.0,65267.0
1,stellar,27,xlm,71.891,84.23,0.0,84.994,15.77,49.605,Stellar,62.99,0.252421,47328.0,,,701943.0,1.462,68.923,208297.0,355.0,
1,okb,28,okb,70.416,83.33,0.0,0.0,16.67,12.264,OKB,33.227,23.18,4137.0,,,667991.0,0.0,0.0,0.0,0.0,2072.0
1,cosmos,29,atom,72.21,78.49,0.0,61.509,21.51,46.364,Cosmos,56.459,20.66,86006.0,,,266578.0,4.333,90.917,47686.0,158.0,17862.0
1,compound-ether,31,ceth,46.743,69.23,0.0,69.387,30.77,38.371,cETH,51.558,74.61,21444.0,,,204498.0,0.167,3.5,8688.0,22.0,
1,staked-ether,30,steth,38.292,80.0,0.0,0.0,20.0,31.567,Lido Staked Ether,31.001,3684.94,,,,50555.0,0.3,3.9,1414.0,12.0,7525.0
1,elrond-erd-2,33,egld,65.972,84.51,0.0,70.112,15.49,40.58,Elrond,55.984,251.65,50672.0,,,411021.0,0.571,16.429,13648.0,57.0,57405.0
1,vechain,32,vet,68.651,74.3,0.0,72.365,25.7,50.723,VeChain,59.341,0.079316,122046.0,,,523005.0,1.5,78.7,218343.0,191.0,39262.0
1,ftx-token,34,ftt,61.457,77.5,0.0,0.0,22.5,11.639,FTX Token,31.187,36.64,5253.0,,,337057.0,0.0,0.0,0.0,0.0,49094.0
1,internet-computer,35,icp,64.685,60.1,0.0,57.42,39.9,43.285,Internet Computer,53.087,25.91,,,,452996.0,1.0,16.25,25283.0,43.0,43601.0
1,filecoin,36,fil,71.968,61.54,0.0,0.0,38.46,10.745,Filecoin,32.977,34.3,36454.0,,,126387.0,0.0,0.0,0.0,0.0,
1,near,37,near,61.836,86.69,0.0,83.532,13.31,11.217,Near,51.773,8.08,0.0,,,215722.0,0.0,0.0,0.0,0.0,36798.0
1,ethereum-classic,38,etc,75.856,77.59,0.0,0.0,22.41,45.879,Ethereum Classic,41.48,34.38,183443.0,,,587061.0,1.083,30.417,62451.0,75.0,7176.0
1,the-sandbox,39,sand,76.946,79.14,0.0,0.0,20.86,12.055,The Sandbox,34.237,4.83,77261.0,,,542905.0,0.0,0.0,0.0,0.0,117291.0
1,decentraland,41,mana,76.753,81.07,0.0,58.85,18.93,49.717,Decentraland,57.227,3.2,87671.0,,,374288.0,4.25,62.583,69625.0,1547.0,
1,hedera-hashgraph,40,hbar,55.683,73.29,0.0,0.0,26.71,42.032,Hedera,36.603,0.234565,195840.0,,,181336.0,2.4,54.9,16538.0,119.0,11295.0
1,theta-token,43,theta,64.295,73.73,0.0,58.547,26.27,42.885,Theta Network,53.095,4.06,80855.0,,,226994.0,2.167,54.5,26585.0,101.0,12894.0
1,cdai,42,cdai,43.659,69.23,0.0,0.0,30.77,38.363,cDAI,33.304,0.01927802,21444.0,,,204472.0,0.167,3.0,8689.0,22.0,
1,tezos,44,xtz,63.166,83.7,0.0,80.486,16.3,46.252,Tezos,58.887,4.54,151590.0,,,232484.0,4.182,55.0,65267.0,220.0,
1,gala,45,gala,74.342,86.08,0.0,0.0,13.92,11.011,Gala,33.278,0.471366,132222.0,,,173918.0,0.0,0.0,0.0,0.0,1062.0
1,fantom,47,ftm,69.201,71.12,0.0,62.447,28.88,45.788,Fantom,55.604,1.32,110001.0,,,263226.0,3.727,55.545,23865.0,114.0,27895.0
1,compound-usd-coin,46,cusdc,46.355,62.5,0.0,0.0,37.5,11.186,cUSDC,27.711,0.01983396,21444.0,,,204497.0,0.0,0.0,0.0,0.0,
1,magic-internet-money,48,mim,66.025,79.07,0.0,0.0,20.93,10.276,Magic Internet Money,31.438,0.887217,,,,77339.0,0.0,0.0,0.0,0.0,4937.0
1,the-graph,51,grt,60.103,81.1,0.0,84.39,18.9,41.085,The Graph,58.095,0.623099,,,,179956.0,0.444,1.556,20097.0,27.0,25702.0
1,monero,50,xmr,60.614,73.68,0.0,89.176,26.32,51.624,Monero,61.733,172.35,74604.0,,,459610.0,1.583,154.083,244746.0,323.0,
1,klay-token,49,klay,48.178,78.57,0.0,78.164,21.43,30.836,Klaytn,51.875,1.22,94973.0,,,60975.0,0.0,0.0,1048.0,13.0,
1,leo-token,52,leo,22.442,83.33,0.0,0.0,16.67,40.153,LEO Token,29.237,3.28,7100.0,,,798353.0,0.083,3.75,9508.0,23.0,804.0
1,iota,53,miota,56.822,84.29,0.0,0.0,15.71,48.25,IOTA,37.874,1.06,146906.0,,,238726.0,2.182,74.727,143016.0,220.0,
1,eos,54,eos,72.589,69.46,0.0,77.89,30.54,46.443,EOS,60.059,2.99,107742.0,,,257021.0,1.75,14.833,96165.0,114.0,
1,bittorrent-2,55,btt,74.129,71.76,0.0,0.0,28.24,45.127,BitTorrent,40.674,0.00304167,5116.0,,,577372.0,2.4,36.4,35989.0,69.0,110715.0
1,flow,57,flow,55.63,65.79,0.0,0.0,34.21,10.718,Flow,29.357,8.52,,,,123622.0,0.0,0.0,0.0,0.0,10815.0
1,loopring,56,lrc,68.657,89.84,0.0,63.157,10.16,54.484,Loopring,57.357,2.25,195654.0,,,159486.0,8.083,1234.75,79432.0,2325.0,9248.0
1,pancakeswap-token,58,cake,75.037,69.84,0.0,0.0,30.16,12.863,PancakeSwap,33.657,10.34,22733.0,,,1296474.0,0.0,0.0,0.0,0.0,94088.0
1,helium,59,hnt,47.303,70.08,0.0,0.0,29.92,53.236,Helium,37.047,25.19,67416.0,,,125562.0,9.3,171.9,75410.0,495.0,29778.0
1,radix,65,xrd,28.664,74.39,0.0,0.0,25.61,37.318,Radix,29.792,0.227202,,,,123494.0,0.333,5.467,6579.0,26.0,18081.0
1,olympus,60,ohm,57.526,63.96,0.0,0.0,36.04,40.056,Olympus,36.137,433.0,,,,123671.0,2.75,52.167,7913.0,91.0,9558.0
1,amp-token,62,amp,50.495,87.56,0.0,0.0,12.44,43.203,Amp,35.305,0.04826732,1976992.0,,,39698.0,4.417,175.5,41487.0,260.0,3864.0
1,kusama,63,ksm,57.62,79.59,0.0,0.0,20.41,11.173,Kusama,29.711,256.03,173763.0,,,202537.0,0.0,0.0,0.0,0.0,
1,bitcoin-cash-sv,61,bsv,65.866,63.89,0.0,45.666,36.11,0.0,Bitcoin SV,40.373,122.92,585983.0,,,0.0,0.0,0.0,0.0,0.0,
1,enjincoin,64,enj,65.844,81.05,0.0,52.22,18.95,44.27,Enjin Coin,51.706,2.41,80924.0,,,411840.0,1.0,9.727,42969.0,80.0,63881.0
1,aave,66,aave,62.306,73.96,0.0,47.56,26.04,40.335,Aave,48.915,164.27,15890.0,,,366975.0,0.0,0.167,14417.0,33.0,15248.0
1,ecash,67,xec,55.546,61.9,0.0,0.0,38.1,36.088,eCash,34.747,0.00011196,,,,70591.0,0.167,3.083,4871.0,15.0,19479.0
1,maker,68,mkr,56.623,78.26,0.0,73.497,21.74,42.717,Maker,54.741,2278.73,30241.0,,,192046.0,0.667,4.417,32099.0,69.0,
1,blockstack,69,stx,61.052,86.67,0.0,68.408,13.33,10.521,Stacks,47.309,1.93,113475.0,,,99244.0,0.0,0.0,0.0,0.0,13595.0
1,thorchain,70,rune,56.559,75.58,0.0,42.271,24.42,38.741,THORChain,46.018,6.56,241480.0,,,131039.0,0.556,4.778,8859.0,29.0,23624.0
1,arweave,71,ar,53.522,75.0,0.0,0.0,25.0,9.879,Arweave,28.518,38.94,296616.0,,,49286.0,0.0,0.0,0.0,0.0,5280.0
1,harmony,72,one,58.396,84.3,0.0,79.831,15.7,49.1,Harmony,58.041,0.163303,160621.0,,,287719.0,6.417,97.667,44623.0,214.0,33069.0
1,quant-network,73,qnt,52.985,83.8,0.0,13.927,16.2,38.66,Quant,38.227,138.53,302448.0,,,66457.0,0.8,16.3,10689.0,52.0,2068.0
1,neo,75,neo,61.585,71.74,0.0,82.869,28.26,47.578,NEO,59.059,25.67,122930.0,,,431092.0,1.091,53.364,115471.0,1187.0,
1,zcash,74,zec,69.759,68.18,0.0,85.22,31.82,40.663,Zcash,59.787,152.53,167113.0,,,83383.0,0.455,2.909,21641.0,134.0,2230.0
1,huobi-btc,76,hbtc,30.495,100.0,0.0,0.0,0.0,12.419,Huobi BTC,24.363,43682,5034368.0,,,790334.0,0.0,0.0,0.0,0.0,104212.0
1,theta-fuel,77,tfuel,50.837,87.5,0.0,0.0,12.5,43.026,Theta Fuel,35.112,0.216523,80855.0,,,227296.0,2.083,56.0,26585.0,104.0,13121.0
1,kadena,80,kda,53.152,80.0,0.0,70.556,20.0,10.619,Kadena,46.117,9.81,401633.0,,,112668.0,0.0,0.0,0.0,0.0,17908.0
1,basic-attention-token,78,bat,68.63,83.33,0.0,76.025,16.67,46.487,Basic Attention Token,58.513,1.06,21280.0,,,240722.0,3.583,53.917,85006.0,1462.0,
1,waves,79,waves,59.436,65.0,0.0,78.703,35.0,44.298,Waves,56.815,15.78,213856.0,,,204118.0,0.231,1.462,60017.0,35.0,15642.0
1,bitcoin-cash-abc-2,81,bcha,4.279,60.0,0.0,0.0,40.0,0.0,Bitcoin Cash ABC,16.382,81.97,111396.0,,,0.0,0.0,0.0,0.0,0.0,
1,holotoken,83,hot,63.057,78.57,0.0,64.223,21.43,41.158,Holo,53.164,0.00831887,291383.0,,,108779.0,0.273,2.182,26124.0,32.0,11343.0
1,chiliz,82,chz,64.988,72.92,0.0,0.0,27.08,11.858,Chiliz,31.054,0.279249,325304.0,,,425574.0,0.0,0.0,0.0,0.0,25311.0
1,kucoin-shares,84,kcs,49.623,89.06,0.0,0.0,10.94,54.986,KuCoin Token,37.421,18.61,6511.0,,,1243660.0,10.0,117.417,101525.0,1369.0,
1,huobi-token,85,ht,57.808,86.11,0.0,0.0,13.89,34.544,Huobi Token,34.419,8.94,468329.0,,,794547.0,0.111,3.333,1656.0,10.0,104213.0
1,curve-dao-token,87,crv,66.951,80.0,0.0,61.274,20.0,11.248,Curve DAO Token,46.498,3.4,14362.0,,,218209.0,0.0,0.0,0.0,0.0,15501.0
1,dash,86,dash,64.471,60.0,0.0,71.083,40.0,44.097,Dash,55.66,130.52,75926.0,,,420158.0,1.0,13.333,43466.0,66.0,4540.0
1,link,88,ln,39.47,87.5,0.0,0.0,12.5,7.38,LINK,24.856,222.66,573992.0,,,3219.0,0.0,0.0,0.0,0.0,
1,celsius-degree-token,89,cel,32.702,66.67,0.0,0.0,33.33,46.786,Celsius Network,32.181,3.12,36101.0,,,202541.0,4.364,78.545,35014.0,169.0,18378.0
1,celo,90,celo,52.054,84.55,0.0,80.493,15.45,10.32,Celo,48.059,3.45,110136.0,,,79955.0,0.0,0.0,0.0,0.0,6770.0
1,frax,92,frax,50.24,85.71,0.0,0.0,14.29,9.189,Frax,27.278,0.891818,,,,23111.0,0.0,0.0,0.0,0.0,7442.0
1,ecomi,91,omi,40.094,86.43,0.0,0.0,13.57,10.904,ECOMI,25.625,0.00517006,4557614.0,,,150575.0,0.0,0.0,0.0,0.0,40432.0
1,msol,93,msol,59.204,42.86,0.0,0.0,57.14,9.207,Marinade staked SOL,29.124,167.65,,,,23571.0,0.0,0.0,0.0,0.0,
1,compound-governance-token,95,comp,55.214,72.73,0.0,69.385,27.27,11.186,Compound,46.118,180.95,21444.0,,,204509.0,0.0,0.0,0.0,0.0,
1,true-usd,94,tusd,59.99,100.0,0.0,76.579,0.0,8.935,TrueUSD,48.314,0.886917,223259.0,,,17408.0,0.0,0.0,0.0,0.0,4873.0
1,nexo,96,nexo,42.378,82.54,0.0,17.174,17.46,43.89,NEXO,37.7,1.98,13414.0,,,135423.0,3.545,59.273,26402.0,140.0,37378.0
1,nem,97,xem,51.094,68.75,0.0,68.546,31.25,41.923,NEM,51.757,0.121009,134230.0,,,376863.0,0.3,2.5,22516.0,49.0,
1,spell-token,101,spell,53.796,75.5,0.0,0.0,24.5,10.276,Spell Token,28.218,0.01310562,,,,78324.0,0.0,0.0,0.0,0.0,4932.0
1,mina-protocol,99,mina,51.689,77.68,0.0,66.049,22.32,39.219,Mina Protocol,50.643,3.29,,,,161582.0,0.417,2.667,11750.0,26.0,56967.0
1,iotex,98,iotx,55.03,85.09,0.0,0.0,14.91,40.645,IoTeX,35.066,0.109855,410113.0,,,178185.0,1.2,29.2,15829.0,67.0,18376.0
